link_id,Congested_Time_Max
1,0.375
3,1.4796
5,0.7577
7,0.3499
9,0.2518
11,0.7771
13,1.2664
15,0.3777
17,1.6187
18,0.6236
20,0.2333
22,1.2054
24,0.123
25,0.8866
27,0.0749
29,0.4708
31,0.2586
33,0.1072
35,0.7722
37,0.1212
39,0.3662
41,0.2963
43,1.0014
45,0.5448
47,0.6472
49,0.2459
51,0.0692
53,0.612
55,0.484
57,0.2934
59,0.3163
61,1.2231
63,0.4322
65,0.6631
67,0.0534
69,0.3297
71,0.0785
73,0.3311
75,0.1044
77,0.2819
79,0.1324
81,0.2457
83,0.3188
85,0.2433
87,0.0685
89,0.4363
91,0.1916
93,0.0521
95,0.2176
97,0.0851
99,0.1405
101,0.0932
103,0.0695
105,0.3096
106,0.2006
107,0.2244
109,0.14
111,0.1589
113,0.0928
115,0.2241
117,0.3386
119,0.1195
121,0.1215
123,0.3343
125,0.1256
127,0.1254
129,0.1969
131,0.1715
133,0.1125
135,0.1265
137,0.1203
138,0.1007
139,0.1189
140,0.2047
141,0.0805
143,0.0782
145,0.1513
147,0.0894
149,0.0368
151,0.0487
153,0.0444
155,0.2609
157,0.2838
159,0.135
161,0.247
163,0.1216
165,0.1091
167,0.0908
168,0.4636
170,0.5291
172,0.5075
174,0.6181
176,0.2856
178,1.0998
180,0.66
182,0.8439
184,1.1979
186,0.2461
188,0.2092
190,0.5686
192,0.1076
194,0.9956
196,1.5244
198,1.1917
200,0.1134
202,0.2141
204,1.0846
206,0.1689
208,1.2326
210,0.2934
212,0.7221
214,0.1445
216,0.1461
218,0.1431
220,1.7186
222,0.6431
224,0.1615
226,0.179
228,1.0147
230,0.1549
232,0.2873
234,0.1544
236,0.1471
238,0.1426
240,0.8668
242,0.1112
244,0.2573
246,0.1147
248,0.1778
250,0.1785
252,0.171
254,0.6269
256,0.6762
258,0.3388
260,2.1261
262,1.0743
264,1.6517
266,1.1872
268,1.8769
270,0.5707
272,1.8784
274,2.0334
276,1.0053
278,1.453
280,1.166
282,0.4713
284,0.3651
286,2.2775
288,1.3789
290,2.0417
292,0.8834
294,1.3797
296,2.0187
298,1.3863
300,2.029
302,1.5883
304,1.5011
306,0.0933
308,0.1279
310,0.252
312,1.1204
314,0.578
316,0.7387
318,1.3875
320,2.0366
322,1.3853
324,1.3472
326,0.0226
328,1.4105
330,2.0355
332,2.2295
334,1.8463
336,0.2203
338,0.0698
340,0.0504
342,0.1112
344,0.0649
346,0.1247
347,0.3947
349,0.1968
351,0.1277
353,0.1126
355,0.339
356,0.0978
358,0.0457
359,0.0518
360,0.1101
362,0.0927
363,0.1187
364,0.2065
366,0.0729
368,0.1639
370,0.1049
372,0.1018
374,0.1246
376,0.0764
378,0.1854
380,0.0587
381,0.2152
383,0.264
385,0.0567
386,0.0969
388,1.1963
390,0.1165
392,0.0396
393,0.0849
395,0.1959
397,0.0487
399,0.2327
401,0.2068
403,0.2958
405,0.1451
407,0.2134
409,0.3447
411,0.055
413,0.0579
415,0.2623
416,0.3175
418,0.282
419,0.238
420,0.1371
422,0.4199
424,0.0791
426,0.5195
428,0.1417
430,0.4256
432,0.2362
434,0.0851
436,0.0539
438,0.1263
440,0.0828
442,0.3884
444,0.0914
446,1.0584
448,0.0474
450,0.112
452,0.0479
454,0.7985
456,0.5441
458,0.9054
460,0.3941
462,0.9177
464,0.4762
466,0.106
468,0.2707
470,0.3872
472,0.6584
474,0.2556
476,0.203
478,0.2996
480,0.2972
482,0.2571
484,0.1754
486,0.0957
488,0.1633
490,0.1799
492,0.215
494,0.2512
496,1.1108
498,0.1015
500,0.118
502,1.3858
504,0.6867
506,0.328
508,0.1197
510,0.4507
512,0.1675
514,0.1936
516,0.0889
518,0.0896
520,0.4464
522,0.5087
524,0.4955
526,0.2601
528,0.2231
530,0.1004
532,0.2604
534,1.7733
536,0.1683
538,0.3484
540,0.1065
542,0.4479
544,0.1614
546,0.1433
548,0.1399
550,0.6528
552,0.1239
554,0.3563
555,1.2009
557,0.395
559,0.209
561,0.3587
563,0.1162
565,0.2513
567,0.1641
569,0.1323
571,0.11
573,0.4342
575,0.3348
577,1.2387
579,0.5337
581,1.078
583,0.179
585,0.1965
587,0.1019
589,0.1212
591,0.1132
593,0.1106
595,0.1134
597,0.1328
599,0.1114
601,0.1094
603,0.0857
605,0.374
607,0.5843
609,0.477
611,0.2
613,1.0292
615,0.2151
617,0.1426
619,0.1972
621,0.4506
623,0.4065
625,0.7614
627,0.2759
629,0.0921
631,0.7244
633,0.1487
635,0.4045
637,0.2563
639,0.1171
641,0.2801
643,0.9782
645,0.1105
647,0.9549
649,0.921
651,0.0582
653,0.476
655,0.1364
657,0.6191
659,0.5217
661,0.9598
663,0.3737
665,0.0435
667,0.0827
669,0.2571
671,0.7774
673,0.1356
675,0.1804
677,0.7136
679,0.0764
681,0.533
683,0.5817
685,0.4418
687,0.1266
689,0.1156
691,0.1184
693,0.1685
694,0.1434
696,0.239
698,0.5743
700,0.2834
702,0.8082
704,0.4354
706,0.1835
708,0.3524
710,0.1409
712,0.3757
714,0.412
716,1.0107
718,0.3478
720,0.7589
722,0.2477
724,0.1485
726,0.4178
728,1.5242
730,0.693
732,0.0819
734,0.1995
736,0.3275
738,0.2463
740,0.0419
742,0.1331
744,0.0948
746,0.1563
748,0.1062
750,0.2802
752,0.3916
754,0.091
756,0.0771
758,0.0804
760,0.1891
762,1.132
764,0.3005
766,0.6737
768,0.1289
770,0.1329
772,1.2435
774,1.1103
776,0.211
778,0.3208
780,0.4443
782,0.2712
784,1.1342
786,0.4637
788,0.164
790,0.5065
792,0.2737
794,0.3636
796,1.3629
798,0.2381
800,0.1437
802,0.1735
804,1.0282
806,0.9085
808,0.148
810,0.1868
812,0.1231
814,0.9832
816,0.0942
818,1.8147
820,0.7992
822,0.2784
824,0.3099
826,0.4844
828,0.6605
830,0.1354
832,0.6254
834,0.1735
836,0.5325
837,0.4933
838,0.3469
840,0.4143
841,3.1212
842,0.1028
844,0.2604
846,0.1614
848,0.375
850,0.3313
852,0.117
854,0.2951
855,0.1178
857,0.1579
859,0.1264
861,0.1761
863,0.1593
865,0.0696
867,0.3102
869,0.4709
871,0.2452
873,1.4265
875,0.3057
877,0.3915
879,1.5076
881,0.4381
883,0.1704
885,0.2147
887,0.1622
889,0.2537
891,0.4785
893,0.6124
895,0.0532
897,0.3921
899,0.1815
901,1.1564
903,0.4378
905,0.7055
907,0.717
909,1.0234
911,1.1688
913,0.1678
915,0.1635
917,0.2953
919,0.5831
921,0.2592
923,0.4339
925,0.101
927,0.0843
929,0.0752
931,0.1466
933,0.2387
935,0.1556
937,0.1205
939,0.6743
941,1.1204
943,0.3142
945,0.1542
947,0.1508
949,0.1962
951,0.1311
953,0.294
955,0.0755
957,0.2069
959,0.2532
961,0.7656
963,0.1014
965,0.1858
967,0.2086
969,0.0628
971,0.455
972,2.1521
973,0.3541
975,1.1587
977,0.1932
979,0.3715
981,0.229
983,0.2
985,0.3196
987,0.1587
989,0.1548
991,0.1134
993,0.2616
995,0.1178
997,0.1704
999,0.1451
1001,0.1332
1003,0.0479
1005,0.0405
1007,0.1354
1009,0.0559
1011,0.1886
1013,0.8
1015,0.9782
1017,1.0369
1019,1.1713
1021,1.1459
1023,0.1088
1025,0.2996
1026,0.1302
1027,0.0589
1029,0.1206
1031,0.1128
1033,0.1122
1035,0.1183
1037,0.1269
1039,0.1737
1041,0.0807
1043,0.1485
1045,0.1135
1047,0.1791
1049,0.1365
1051,0.2037
1053,0.2482
1055,0.5868
1057,0.2051
1059,0.5041
1061,0.4512
1062,0.6445
1063,0.7667
1064,0.7802
1065,0.098
1067,0.0588
1069,0.2242
1071,0.2044
1073,0.2589
1075,0.2688
1077,0.9145
1078,0.2835
1080,0.3594
1082,0.1518
1084,0.1691
1086,0.2085
1088,0.095
1090,0.1618
1092,0.08
1094,0.0979
1095,0.2767
1097,0.04
1099,0.4036
1101,1.1182
1102,1.1915
1103,0.1399
1104,0.7031
1105,0.0643
1107,0.0856
1109,0.1113
1111,0.0879
1113,0.2024
1115,0.1348
1117,0.1163
1119,0.1055
1121,0.3245
1123,0.1923
1125,0.1342
1127,0.1915
1129,0.1042
1131,0.2352
1133,0.1365
1135,0.0955
1137,0.0491
1139,0.1199
1141,0.2085
1143,0.0869
1145,0.2416
1147,0.2031
1149,0.1297
1151,0.159
1153,0.2826
1155,0.212
1157,0.2103
1159,0.3006
1161,0.2299
1163,0.1161
1165,0.0806
1167,0.1506
1169,0.1595
1171,0.168
1173,0.1574
1175,0.1357
1177,0.1861
1179,0.1488
1181,0.1466
1183,0.2056
1185,0.1503
1187,0.1542
1189,0.0968
1191,0.1425
1193,0.1761
1195,0.106
1197,0.1338
1199,0.1179
1201,0.1513
1203,0.1415
1205,0.3251
1207,0.0462
1209,0.1516
1211,0.1045
1213,0.0412
1215,0.1157
1217,0.0945
1219,0.1181
1221,0.2596
1223,0.1587
1225,0.0366
1227,0.3324
1229,0.0921
1231,0.1486
1233,0.5319
1234,0.2004
1236,0.2158
1238,0.0805
1240,0.0381
1242,0.1162
1244,0.0899
1246,0.2694
1247,0.2298
1248,0.1323
1250,0.0929
1251,0.3069
1252,1.1508
1254,0.1414
1256,2.2764
1258,0.8293
1260,0.2303
1262,0.6965
1264,0.2267
1266,0.331
1268,0.1672
1270,0.3846
1272,0.472
1274,0.3243
1276,0.4031
1277,0.6221
1278,0.2614
1279,0.7116
1280,0.125
1282,0.3786
1284,0.1256
1286,0.2475
1288,0.5422
1290,0.3505
1292,0.5148
1294,0.2636
1296,0.1217
1298,0.1322
1300,0.5519
1301,0.1616
1303,0.2004
1304,0.2098
1305,0.3784
1306,0.6564
1307,0.2656
1309,0.1394
1311,0.0328
1313,0.2507
1315,0.4481
1317,0.1266
1318,0.139
1319,0.0666
1320,0.2133
1321,0.1169
1322,0.1345
1323,0.0899
1324,0.2031
1326,0.2295
1328,0.5144
1330,0.4766
1332,0.4164
1334,0.1542
1336,0.6257
1338,0.1865
1340,0.2336
1342,0.2742
1344,0.0914
1346,0.167
1348,0.161
1350,0.0984
1352,0.133
1354,0.8322
1355,0.2565
1356,0.1201
1357,0.2677
1358,0.3992
1359,0.621
1360,0.4592
1361,0.6964
1363,0.1521
1365,0.3102
1366,0.0895
1368,0.0558
1370,0.0995
1371,0.2102
1372,0.1976
1374,0.173
1376,0.3694
1378,0.225
1380,0.9734
1381,0.9102
1382,0.2103
1384,0.0682
1386,0.4763
1388,0.3582
1390,0.3293
1392,0.4846
1394,0.272
1396,0.1454
1398,0.259
1399,0.7101
1401,0.16
1403,0.2256
1405,0.2301
1407,0.558
1408,0.1649
1410,0.4095
1411,0.6741
1412,0.2615
1413,0.6766
1414,0.4569
1415,0.3196
1416,0.7829
1417,0.1971
1419,0.2672
1421,0.1631
1423,0.2226
1425,0.1459
1427,0.2468
1429,0.0437
1430,0.038
1431,0.1342
1433,0.2148
1435,0.3858
1437,0.1178
1439,0.1009
1441,0.0885
1443,0.1514
1445,0.1127
1447,0.0935
1449,0.1633
1451,0.3599
1452,0.7705
1453,0.5849
1454,0.2557
1456,0.3584
1457,0.1207
1459,0.0647
1461,0.2148
1463,0.1451
1465,0.0675
1467,0.1883
1469,0.1954
1471,0.239
1473,0.1264
1475,0.0659
1477,0.1075
1479,0.1292
1481,0.16
1483,0.1266
1485,0.43
1487,0.1169
1489,0.4117
1491,0.0708
1493,0.3992
1495,0.1868
1497,0.0918
1499,0.1612
1501,0.0472
1503,0.1151
1505,0.2157
1507,0.1608
1509,0.1122
1510,0.0862
1512,0.086
1514,0.1207
1516,0.3949
1518,0.1452
1520,0.3802
1522,0.3288
1524,0.2334
1526,0.0993
1528,0.134
1530,0.1418
1532,0.1092
1534,0.5649
1536,0.2787
1538,0.2586
1540,0.5124
1542,0.2365
1544,0.1167
1546,0.1025
1548,0.3848
1550,0.2425
1552,0.6813
1554,0.6459
1556,0.2455
1558,0.7834
1560,0.542
1562,0.7418
1564,0.3089
1566,0.4883
1568,0.4199
1570,0.129
1572,0.3168
1574,0.1893
1576,0.535
1578,0.6961
1580,0.1897
1582,0.5896
1584,0.1284
1585,0.4206
1586,0.3469
1588,0.2988
1589,0.2843
1591,0.0762
1593,0.0721
1595,0.1067
1597,0.1063
1599,0.1646
1601,0.3868
1602,0.343
1604,0.3555
1606,0.2631
1608,0.9659
1609,0.3240050422740076
1610,0.1105
1612,0.1068
1614,0.6958
1615,0.1213
1617,0.1288
1619,0.2065
1621,0.1193
1623,0.0773
1625,0.2642
1627,0.18054864448795713
1629,0.5574
1630,0.0886
1632,0.2727
1634,0.3213
1636,0.1826
1638,0.2544
1640,0.0744
1642,0.1255
1644,0.647
1645,0.2604
1647,0.0916
1649,0.1695
1650,0.6107
1651,0.665
1652,0.3051
1654,0.0978
1656,0.7933
1657,0.2724
1658,0.2921
1659,0.9666
1660,0.7919
1661,0.3842
1662,0.1594
1663,0.18
1664,0.1246
1665,0.0804
1666,0.0893
1667,0.1324
1668,0.458
1669,0.1201
1671,0.1273
1673,0.336
1675,0.2959
1677,0.1422
1679,0.2151
1681,0.2891
1683,0.3938
1685,0.3046
1687,0.2805
1689,0.1476
1690,0.5365
1691,0.3996
1692,0.1864
1694,0.0723
1695,0.2165
1696,0.3479
1697,0.2534
1699,0.3889
1700,0.4498
1702,0.2583
1704,0.1037
1706,0.06300864264845343
1707,0.5794600791564932
1708,0.2778
1709,0.10854402601009251
1710,1.6776314761758007
1711,0.2129
1713,0.1731
1715,0.6457630034382393
1716,0.7912072024629331
1717,0.1972
1719,0.3229
1721,0.198
1723,0.1718
1725,0.1141
1727,0.2305
1729,0.134
1731,0.1003
1733,0.1284
1735,0.1576
1737,0.1147
1739,0.0809
1740,0.0458
1741,0.3893
1743,0.1894
1745,0.1913
1747,0.1113
1749,0.1235
1751,0.06
1753,0.5322
1755,0.2655
1757,0.51
1758,0.1113
1760,0.2266
1761,0.0972
1762,0.0887
1764,0.2532
1766,0.0657
1768,0.05761552311637856
1770,0.3558
1772,0.545
1774,0.1704
1776,0.6556
1777,0.0553
1779,0.3455
1780,0.4595
1781,0.2364
1782,0.4672
1783,0.1018
1785,0.1406
1787,0.2144
1789,0.1216
1791,0.1281
1793,0.1395
1795,0.1574
1797,0.1932
1799,0.1131
1801,0.1551
1803,0.908
1805,0.0515
1806,0.1203
1808,0.3367
1810,0.8634
1811,0.2369
1813,0.0769
1815,0.2168
1816,0.6263
1817,0.2704
1819,0.4995
1820,0.5857590983052109
1821,0.20945643299600125
1823,0.147
1825,1.1237
1827,1.1691
1829,0.2626
1831,1.4113
1833,0.2069
1835,0.2036
1837,0.3564
1839,0.57
1840,0.374
1841,0.4112
1842,0.4541
1843,0.5172
1844,0.273
1845,0.1901
1846,0.7976
1848,1.2774
1850,0.5159
1852,0.6204
1854,0.4183
1856,1.3704
1858,0.2389
1860,0.7208
1862,0.5691
1864,0.6806
1866,0.5349
1868,0.16874070957197793
1870,0.14330781308681015
1872,0.0328512067591575
1874,0.1138788458173286
1876,0.3557989464179677
1878,0.1989
1880,0.9023
1882,0.2143
1884,0.1864
1886,1.3881
1888,0.3853
1890,0.6571
1892,0.2426
1894,1.5841
1896,0.2853
1898,0.0865
1900,1.1174
1902,1.5401
1904,2.2368
1906,0.6981
1908,0.3616
1910,1.5387
1912,0.5489
1914,1.5078
1916,0.4625
1918,0.7932
1920,0.2799
1922,0.2444
1924,0.3103
1926,0.1509
1928,0.0714
1930,0.0698
1932,0.1801
1934,0.5741
1936,0.7877
1938,0.7586
1940,1.6686
1942,0.1007
1944,0.0599
1946,0.24
1948,0.2712
1950,0.5791
1952,0.1649
1954,0.3362
1955,0.357
1956,0.5126
1957,0.3042
1958,0.3989
1959,0.7054
1960,0.644
1961,0.5899
1962,0.1154
1964,0.7369
1965,0.1603
1967,0.1429
1969,0.2905
1971,0.0744
1973,0.4346
1974,0.2693
1975,0.2767
1976,0.271
1978,0.2053
1980,0.5417
1981,0.3891
1982,0.327
1984,0.1369
1986,0.0836
1988,0.1609
1990,0.2791
1991,0.5019
1992,0.4497
1993,0.4853
1995,0.0558
1997,0.1754
1999,0.0661
2001,0.34
2003,0.347
2005,0.3284
2007,0.0668
2009,0.2439
2011,0.7848
2013,1.0457
2015,0.3058
2017,0.2542
2019,0.0449
2021,1.6247
2023,0.2184
2025,0.2758
2027,0.3554
2029,0.2145
2031,0.052
2033,0.1028
2035,0.1875
2037,0.2751
2039,0.1
2041,0.1642
2043,0.1484
2045,0.2935
2047,0.0744
2049,0.1698
2051,0.2333
2053,0.1049
2055,0.1056
2057,0.1075
2059,0.1101
2061,0.1654
2063,0.2111290970984878
2064,1.0556
2065,0.6185
2066,0.22098806606838894
2068,0.15943568353575344
2070,0.3477896194856152
2072,1.2185
2074,0.1982
2076,1.14
2078,0.1829
2080,0.1659
2082,0.7053
2084,1.6394
2086,0.6251
2088,0.347
2090,2.1359
2092,0.222
2094,0.0461
2096,0.123
2098,0.5284
2100,0.1324
2102,0.0283
2104,0.5174
2106,0.189
2108,1.2322
2110,0.0461
2112,0.5011
2114,0.5912
2116,0.0735
2118,1.1078
2120,0.089
2122,0.231
2124,0.5332
2126,1.8418
2128,1.5375
2130,0.5938
2132,0.4602
2134,1.8623
2136,0.2366
2138,0.5917
2139,0.3626
2140,0.8646
2141,0.7771
2143,0.7759
2145,1.5584
2147,1.1604
2148,0.4631
2150,1.5743
2151,1.2346
2153,0.2334
2155,0.3141
2157,1.0155
2159,1.5442
2161,2.7481
2162,0.3922
2163,0.4829
2164,0.1654
2166,0.1789
2168,0.0915
2170,0.1539
2172,0.3501
2174,0.1189
2176,0.0774
2178,0.1575
2180,0.2671
2182,0.0523
2184,0.086
2186,0.1698
2188,0.1209
2190,0.1104
2192,0.3691
2194,0.0734
2196,0.446312629234151
2198,0.6674
2199,0.4718
2200,0.2154
2201,0.0891
2202,0.0916
2204,2.0996829288297434
2205,0.4754
2206,0.5647
2207,0.4261
2208,0.6735
2209,0.7224
2210,1.5179
2212,0.7793
2214,0.3985
2216,1.411
2218,2.7211
2219,1.5624
2221,0.2066
2223,0.0571
2225,1.4245
2227,1.1136
2229,0.2466
2231,0.2329
2235,2.4268
2236,0.1408
2238,0.1036
2240,0.1806
2242,0.1552
2244,0.7172
2246,1.2236
2248,0.4265
2250,0.1042
2252,0.4368
2254,1.6576
2256,2.3042
2258,0.1533
2260,0.0695
2262,0.5831
2264,0.2332
2266,0.1018
2267,0.9458
2268,1.6821
2270,0.8943
2272,1.4494
2274,1.4086
2276,0.1785
2278,0.0602
2280,0.1659
2282,0.117
2284,0.5778
2286,0.1069
2288,0.2729
2290,0.2613
2292,0.4241
2294,0.0425
2296,0.0555
2298,0.065
2299,0.0883
2301,0.0755
2303,0.1363
2305,0.3547
2306,0.0439
2308,0.1053
2310,0.182
2312,0.0882
2313,0.1813
2314,0.1223
2315,0.1386
2317,0.0889
2318,0.1814
2320,0.549
2322,0.0921
2324,0.2926
2326,0.1702
2328,0.1898
2330,0.4756
2332,0.0636
2333,0.0652
2334,0.0654
2335,0.5706
2336,0.1626
2338,0.212
2339,0.0856
2341,0.1678
2343,0.1071
2345,0.1535
2347,1.907
2349,0.6722
2351,0.97
2353,0.6976
2355,0.9311
2357,0.1357
2359,0.9947
2361,0.7992
2363,0.2687
2365,0.0857
2367,0.1599
2369,1.0734
2370,0.8715
2371,0.1807
2373,0.1339
2375,1.0578
2377,1.067
2381,0.686
2383,0.5454
2385,0.2755
2387,0.098
2389,0.0879
2391,0.8496
2393,0.2554
2395,0.5028
2397,2.2192
2398,1.0582
2400,1.2272
2402,0.9589
2404,0.2168
2406,0.1989
2408,0.103
2410,1.0545
2412,0.6609
2414,1.052
2416,0.0882
2418,0.3606
2420,0.0798
2422,1.1928
2424,0.4914
2426,0.0826
2428,0.1354
2430,0.7859
2432,0.2028
2434,0.9833
2436,2.2138
2438,1.1968
2440,0.3536
2442,0.1966
2444,0.0708
2446,0.4665
2448,1.3057
2449,1.5031
2450,0.5231
2452,0.4265
2454,0.3206
2456,0.1492
2458,0.1936
2460,0.276
2462,0.1973
2464,0.1399
2466,0.1005
2467,0.1365343752213643
2469,0.2646
2471,1.2332
2473,0.2162
2475,0.7531
2477,0.1536
2479,1.1396
2481,0.2926
2483,0.4343
2485,0.755
2487,0.397
2489,0.5602057428978602
2490,0.5333
2491,0.19145494413063216
2493,1.2261
2494,1.7250904842994617
2495,0.46155124399612313
2497,0.19884791144895617
2499,1.146029203566651
2501,0.6351845707922248
2503,0.39033175939536313
2505,0.3458
2506,0.2073
2508,0.3958
2510,0.288
2512,0.1128
2514,0.403
2516,0.7383
2518,0.4022
2519,0.3986
2520,0.636
2521,0.3739
2523,0.1887
2525,0.7
2527,0.6207
2529,1.6333
2531,0.2557
2533,3.3463
2534,1.2412
2536,0.493
2537,0.4689
2538,0.10411149124561783
2540,0.5288424838824539
2542,0.6156
2543,0.4303
2544,0.10272767750090414
2546,0.2611626728786874
2548,0.19123249500384581
2550,0.23287954315646955
2552,0.13827851871088553
2554,0.137473403609221
2556,0.2071
2558,0.0792
2560,0.3878
2562,0.0938
2564,0.1996
2566,0.3611
2568,0.3651
2570,0.0811
2572,0.1606
2574,0.25721889936402154
2576,0.1757495670362731
2578,0.6957
2580,1.8373
2582,0.5758
2584,0.7754
2586,0.3696
2588,0.7545
2590,0.7129
2592,0.3809
2594,0.5518
2596,1.9784
2598,0.605
2600,0.9192
2602,0.1014
2604,0.2115
2606,0.9264
2608,1.6834
2610,1.039
2612,0.8502
2614,1.7573
2616,0.4131
2618,0.2005
2620,0.0989
2622,0.4819
2623,0.1418
2625,0.2068
2627,1.8241
2629,2.3368
2631,0.6634
2633,1.7475
2635,0.2175
2637,0.215
2639,0.1706
2641,0.3095
2642,0.6545
2643,0.4016
2645,0.5002
2647,0.5619
2648,0.5081
2649,0.8691
2650,0.5587
2651,0.6673
2652,0.618
2653,2.8649
2654,0.2068
2656,0.7008
2657,0.2518
2658,0.0895
2659,0.2391
2660,0.0865
2661,0.7683
2662,2.2137
2663,0.3854
2664,0.7587
2666,0.3265
2668,0.3685
2670,0.2934
2672,0.0396
2674,0.1924
2676,0.1187
2678,0.1377
2680,0.8141
2682,0.1629
2684,0.0936
2686,0.1694
2688,0.3084
2689,0.528
2690,0.4737
2691,0.4396
2692,0.1006
2694,0.0853
2696,0.3974
2698,0.106
2700,0.2341
2702,1.1414
2704,0.8904
2706,0.3451
2708,2.191
2710,0.7211
2712,0.8671
2714,1.0133
2716,0.9023
2718,0.2283
2720,0.2725
2722,0.2039
2724,0.0959
2726,0.2066
2728,0.4902
2730,0.1383
2732,0.0722
2734,0.2264
2736,1.4966
2737,1.2763
2738,0.306
2739,0.3592
2740,0.2404
2742,0.2526
2744,0.1949
2746,0.195
2748,0.0411
2750,0.4092
2752,0.1783
2754,0.0409
2756,0.2729
2758,0.0721
2760,0.0896
2762,0.2696
2764,0.4927
2766,0.3121
2768,0.683
2770,0.5328
2772,0.3356
2774,0.2036
2776,0.1763
2778,0.079
2780,0.2225
2782,0.2213
2784,0.0804
2786,0.0483
2788,0.0564
2790,0.2582
2792,0.371
2794,0.6567
2796,0.1633
2798,0.2672
2800,0.0521
2802,0.2601
2804,0.2259
2806,0.053
2808,0.1976
2810,2.7629
2811,0.1458
2813,0.4452
2815,0.4502
2817,0.9917
2819,0.1817
2821,0.3417
2823,0.1346
2825,0.0832
2827,0.2725
2829,0.0837
2831,0.0669
2833,0.0471
2835,0.15
2837,0.0629
2839,0.1377
2841,0.3356
2843,0.0553
2845,0.2638
2847,0.4631
2849,0.9121
2851,0.1129
2853,0.2995
2855,0.4159
2857,0.3359
2859,0.0316
2861,0.4462
2863,0.1636
2865,0.3228
2871,0.313
2873,0.0907
2875,0.0608
2877,0.0967
2879,0.1469
2881,0.0673
2883,0.4032
2885,1.0471
2887,0.9883
2889,0.2366
2891,0.1758
2893,0.4067
2895,0.121
2897,0.3525
2899,0.304
2901,0.0485
2903,0.2888
2904,0.5591
2906,0.365
2908,0.3608
2910,0.4253
2912,0.3785
2914,0.2122
2916,0.1693
2917,0.2123
2918,0.1737
2919,0.3855
2920,0.0537
2922,0.1059
2924,0.0865
2926,0.4081
2928,0.3032
2930,0.195
2932,0.4282
2935,0.0457
2937,0.1404
2939,0.1246
2941,0.0847
2943,0.3184
2945,0.5191
2947,0.1674
2949,0.2339
2951,0.894
2953,0.522
2955,0.0931
2957,0.1414
2959,1.4717
2960,0.5256
2961,0.1539
2963,0.0531
2965,0.2541
2967,0.1358
2969,0.1262
2971,0.1093
2973,0.1647
2975,0.1034
2977,0.1164
2979,0.1188
2981,0.1027
2983,0.1271
2985,0.1388
2987,0.1322
2989,0.1366
2991,0.0367
2993,0.0757
2995,0.0418
2997,0.0728
2999,0.1478
3001,0.1157
3003,0.0853
3005,0.1348
3007,0.3152
3009,0.1585
3011,0.7549
3013,0.2251
3015,0.1264
3017,0.3995
3019,0.1138
3021,0.1987
3023,0.3313
3024,0.0962
3026,0.2382
3028,0.7666
3029,0.3406
3030,0.5445
3031,0.1784
3033,0.398
3035,0.2762
3037,0.1295
3039,0.1118
3041,0.3265
3043,0.3532
3045,0.183
3047,0.3179
3049,0.1838
3051,0.255
3053,0.0998
3055,0.3899
3056,0.3871
3057,0.5568
3058,0.2831
3060,0.0898
3062,0.4968
3064,0.298
3066,0.3451
3068,0.1425
3069,0.1974
3070,0.1129
3071,0.2676
3072,0.123
3074,0.6003
3076,0.1684
3078,0.1037
3080,0.0898
3082,0.1129
3084,0.1144
3086,0.064
3088,0.1659
3090,0.0622
3092,0.1006
3094,0.2693
3096,0.0674
3098,0.138
3100,0.2809
3102,0.26512562817715685
3104,0.19945373801051886
3106,0.1264
3108,0.1929
3110,0.88
3112,0.4768432785986245
3113,0.1874
3115,0.3565
3117,0.0892
3119,0.9719
3121,0.0749
3123,0.2365
3125,0.3614
3126,0.9669
3127,0.2502
3129,1.0124
3130,0.0569
3136,0.0492
3138,0.4305
3140,0.3227
3142,0.6508
3144,0.5062
3146,1.3496
3148,0.7032
3150,0.3098
3152,0.1698
3154,0.3385
3156,0.6061
3158,0.4093
3160,0.0878
3162,0.7687
3163,0.0759
3164,0.3581
3165,0.0991
3167,0.3018
3168,0.1828
3169,0.1348
3171,0.656
3173,0.3971
3175,0.35676849135929506
3177,0.10338169506379932
3179,0.2329
3181,0.3467
3183,0.1429
3185,0.2286
3187,0.0694
3189,0.1653
3191,0.1742
3193,0.042
3195,0.1895
3197,0.0552
3199,0.0931
3201,0.5274
3203,0.3618
3205,0.0741
3207,0.1437
3209,0.1245
3211,0.0964
3213,0.0987
3215,0.179
3217,0.1249
3219,0.3454
3220,0.3642
3221,0.3766
3223,0.0445
3225,0.1294
3227,0.1002
3229,0.0403
3231,0.0817
3233,0.21864080596110005
3234,0.25330071579973473
3235,0.1619
3237,0.1284
3239,0.201
3241,0.1719
3243,0.3
3244,0.07336243316491355
3246,0.1732
3248,0.3899
3250,0.5183
3252,0.0733
3254,0.1806
3256,0.2511
3258,0.626
3260,0.3803
3261,0.2326
3262,0.1182
3263,0.3423
3264,0.1186
3265,0.0767
3266,0.4029
3268,1.1288
3269,0.4856
3271,0.0363
3273,0.1682
3275,0.0366
3277,0.117
3279,0.1234
3281,0.3108
3282,0.4144
3283,0.0912
3284,0.171
3285,0.3687
3286,0.2968
3287,0.2053
3289,0.2223
3291,0.7327
3293,0.2918
3295,0.7038
3296,0.4023
3297,0.28
3299,0.2576
3300,0.097
3302,0.0654
3303,0.0736
3304,0.0654
3305,0.0993
3307,0.8047
3309,0.5694
3310,0.0475
3312,0.2449
3314,0.1414
3316,0.3894
3317,0.1652
3318,0.2069
3319,0.2778
3321,0.3635
3323,0.3446
3325,0.0641
3327,0.6391722095723247
3329,0.1931
3331,0.3943
3333,0.2818
3335,0.1117
3337,0.2463
3339,0.1468
3341,0.5075
3343,0.0834
3345,1.006329854543228
3346,0.4694
3348,0.3915
3350,0.2161
3352,0.2757
3354,0.4211
3356,0.0887
3358,0.391
3360,0.238
3362,0.2026
3364,0.2315
3366,0.1294
3368,0.0517
3370,0.1097
3372,0.4924
3374,0.2383
3376,0.3678
3378,0.103
3380,0.1092
3382,0.2954
3383,0.2474
3384,0.1257
3385,0.1831
3387,0.0758
3388,0.0701
3389,0.0688
3390,0.0723
3391,0.5473
3393,0.4087
3395,0.741
3397,0.8808
3399,0.3975
3401,0.8225
3403,0.6138
3405,0.5717
3407,0.5192
3409,0.8166
3411,0.3577
3413,0.1764
3415,0.33
3417,0.5018
3419,0.4772
3421,0.2517
3423,0.6845
3425,0.5942
3427,0.0967
3429,0.4429
3431,0.3717
3433,0.2006
3435,0.1122
3437,0.2179
3439,0.3964
3441,0.5177
3442,0.0933
3444,0.1269
3446,0.1163
3448,0.7347
3450,0.1642
3452,0.1178
3454,0.3305
3456,0.1133
3458,0.0418
3460,0.2233
3461,0.654
3463,0.4547
3465,0.1405
3467,0.271
3469,0.3346
3471,0.1436
3473,0.3656
3474,0.0675
3476,0.2384
3478,0.4315
3480,0.2446
3482,0.1955
3484,0.2385
3486,0.1485
3488,0.07
3490,0.4075
3491,0.1194
3493,0.1577
3495,0.1729
3497,0.1864
3499,0.5215
3501,0.1044
3503,0.2562
3505,0.7939
3507,0.1416
3509,0.1436
3511,0.1902
3513,0.164
3515,0.2478
3517,0.0899
3519,0.5985
3521,0.1962
3523,0.2756
3525,0.075
3527,0.0922
3529,0.0473
3531,0.0587
3533,0.7268
3535,0.1202
3536,0.4762
3537,0.3115
3538,0.1504
3539,0.4745
3540,0.229
3542,0.1461
3544,0.1619
3546,0.1594
3548,0.342
3550,0.2483
3552,0.1153
3554,0.045
3556,0.1223
3558,0.2944
3560,0.0895
3562,0.1851
3564,0.1966
3566,0.1236
3568,0.1328
3570,0.1509
3572,0.1452
3574,1.5484
3576,0.1625
3578,0.2669
3579,0.1635
3581,0.1314
3583,0.2181
3585,0.1104
3587,0.1527
3589,0.0958
3591,0.2471
3593,0.1102
3595,0.1099
3596,0.0387
3598,0.0873
3600,0.235
3602,0.1837
3604,0.1618
3606,0.107
3608,0.108
3610,0.126
3612,0.2413
3614,0.3595
3616,0.27
3618,0.1365
3620,0.1252
3622,0.0752
3624,0.095
3626,0.0688
3628,0.377
3630,1.4888
3632,0.2333
3634,0.1013
3636,0.2872
3637,0.5015
3638,1.189
3639,0.733
3640,0.6865
3641,0.3111
3642,0.6135
3643,0.7071
3644,0.2788
3646,0.2336
3648,0.2954
3650,0.2914
3652,0.058
3654,0.1114
3656,0.3197
3658,0.2802
3660,0.4753
3662,1.2283
3663,0.4096
3664,0.0889
3666,0.1318
3668,0.3131
3670,0.1887
3672,0.1504
3674,0.1356
3676,0.1732
3678,0.2151
3680,0.3092
3682,0.0606
3684,0.0838
3686,0.0744
3687,0.1471
3689,0.1256
3691,0.0803
3693,0.1968
3695,0.0409
3697,0.0625
3699,0.1197
3701,0.1143
3703,0.0393
3705,0.1267
3707,0.1322
3709,0.165
3711,0.1518
3713,0.9739
3715,0.1268
3717,1.0089
3719,0.1402
3721,0.4222
3723,0.0271
3725,0.2802
3727,0.0495
3729,0.1593
3731,0.2764
3732,0.9157
3734,0.1038
3736,0.0801
3738,0.1135
3740,0.1901
3742,0.1156
3744,0.56
3746,0.0818
3748,0.4197
3750,0.1606
3752,0.1109
3754,0.6433
3756,0.1058
3758,0.038
3760,0.0927
3762,0.511
3764,0.0925
3766,0.5436
3768,0.2574
3769,0.3595
3771,0.4784
3773,0.0982
3775,0.3006
3777,0.1208
3779,0.1351
3781,0.0825
3783,0.9919
3785,0.8086
3787,0.1556
3789,0.0915
3791,0.408
3793,0.0558
3795,0.2543
3797,0.0685
3799,0.0959
3801,0.3247
3803,0.0752
3804,0.134
3806,0.1362
3808,0.1208
3810,0.061
3812,0.2653
3814,0.4808
3816,0.0625
3818,0.2913
3820,0.1114
3822,0.0851
3824,0.1158
3826,0.9646
3827,0.1836
3829,0.2468
3831,0.1138
3833,0.0478
3835,0.155
3837,0.3004
3839,1.1877
3841,0.6787
3843,0.4945
3845,0.5215
3847,0.0573
3849,0.1443
3851,0.2297
3853,0.4426
3854,0.204
3856,0.0826
3858,0.108
3860,0.386
3862,0.202
3864,0.8623
3865,0.1304
3867,0.4102
3869,0.2181
3871,0.3339
3873,0.2023
3875,0.0792
3877,0.1254
3878,0.1257
3880,0.0437
3882,0.3109
3884,0.1184
3886,0.407
3887,1.2708
3889,0.1884
3891,0.0844
3893,0.0746
3895,0.2183
3897,0.9215
3898,0.5699
3899,1.0611
3900,0.8114
3901,0.2601
3902,0.1655
3903,0.071
3905,0.0417
3907,0.1725
3909,0.194
3911,0.2195
3913,0.0658
3915,0.1076
3917,0.1836
3919,1.1317
3920,0.3044
3921,0.5714
3922,1.4985
3923,0.7204
3924,0.1611
3926,0.7029
3927,0.213
3929,0.961
3930,0.0628
3932,0.0627
3934,0.2988
3936,1.1445
3938,0.0532
3940,0.8449
3941,0.0947
3942,0.1066
3944,0.0585
3945,0.1619
3947,0.2787
3948,0.2534
3950,0.3837
3952,0.1667
3954,0.0745
3956,0.5229
3958,0.2834
3960,0.1399
3962,0.1513
3964,0.1326
3966,0.1035
3967,0.3244
3968,0.2449
3969,0.4062
3970,0.3588
3971,0.1468
3973,0.0578
3975,0.1315
3977,0.1512
3979,0.172
3981,0.3713
3982,0.0809
3984,0.1648
3986,0.0616
3988,0.178
3990,0.0682
3992,0.1609
3994,0.1338
3996,0.1639
3998,0.2041
4000,0.5254
4002,0.0821
4003,0.078
4004,0.0835
4005,0.0682
4006,0.072
4007,0.1393
4009,1.0326
4010,0.2299
4011,0.2131
4013,0.7571
4014,0.4197
4015,0.1348
4017,0.2133
4019,0.1392
4021,0.1273
4022,0.09
4023,0.0836
4024,0.069
4025,0.0725
4026,0.1235
4028,0.0927
4030,0.158
4031,0.2771
4033,0.1635
4035,0.175
4037,0.0617
4039,0.0843
4041,0.3378
4043,0.5169
4045,0.6229
4047,0.5776
4049,0.4356
4051,0.1326
4053,0.2507
4055,0.1985
4057,0.3775
4059,0.1052
4061,0.1738
4063,0.3259
4065,0.0766
4066,0.079
4067,0.1322
4068,0.1032
4069,0.1416
4070,0.1108
4071,0.0527
4073,0.0311
4075,0.1191
4077,0.0716
4079,0.0796
4081,0.0822
4083,0.0697
4085,0.1319
4087,0.3671
4088,0.4149
4089,0.1614
4091,0.1409
4093,0.2541
4094,0.1797
4095,0.1648
4097,0.2985
4099,0.0349
4101,0.1146
4103,0.0758
4105,0.0626
4107,0.189
4109,0.0932
4111,0.0841
4113,0.0367
4115,0.049
4117,0.0782
4119,0.0746
4121,0.0846
4123,0.3699
4125,0.184
4127,0.062
4129,0.1632
4131,0.1261
4133,0.1883
4135,0.0411
4137,0.2512
4139,0.0778
4141,0.0451
4143,0.0338
4145,0.2335
4147,0.2114
4149,0.094
4151,0.0409
4153,0.1699
4155,0.0674
4156,0.4211
4158,0.6198
4160,0.2609
4162,0.2065
4164,0.6474
4166,0.0795
4167,0.0965
4169,0.1086
4171,0.0826
4173,0.1042
4175,0.1452
4177,0.0795
4179,0.0452
4181,0.0749
4182,0.0689
4183,0.1002
4184,0.0998
4185,0.3321
4187,0.2598
4189,0.1567
4191,0.1088
4193,0.1125
4195,0.0914
4197,0.0798
4198,0.0764
4199,0.0692
4200,0.0934
4201,0.139
4202,0.1468
4204,0.1017
4206,0.1101
4208,1.3784
4210,1.5174
4211,1.6666
4212,0.988
4213,0.7198
4214,1.6103
4215,1.4381
4216,0.4217
4218,0.1175
4220,0.0451
4222,0.0594
4224,0.6551
4225,0.2267
4226,0.3932
4228,0.1503
4230,0.0778
4232,0.034
4234,0.085
4236,0.1096
4238,0.39803501775812455
4240,0.1253
4242,0.2283
4244,0.0998
4246,0.0582
4248,0.1635
4250,0.1102
4252,0.138
4254,0.1194
4256,0.0947
4258,0.2147158282094294
4260,0.1549
4262,0.1669
4264,0.0905
4266,0.1206
4268,0.2261
4270,0.2548
4272,0.1982
4274,0.1018
4275,0.116
4276,0.093
4277,0.0687
4278,0.0909
4279,0.0813
4280,0.0952
4281,0.0726
4282,0.097
4283,0.0668
4284,0.0707
4285,0.0941
4287,0.2178
4289,0.1121
4290,0.1178
4291,0.0966
4292,0.0887
4293,0.0656
4294,0.0937
4295,0.0923
4296,0.0729
4297,0.0908
4298,0.076
4299,0.0951
4301,0.1135
4303,0.424
4305,0.336
4307,0.1108
4309,0.4357
4311,0.066
4313,0.1308
4315,0.4811
4317,0.2447
4319,0.0433
4321,0.0704
4323,0.1504
4325,0.0866
4327,0.2524
4329,0.3735
4331,0.5197
4333,0.1738
4335,0.1937
4337,0.2198
4339,0.5139
4341,0.1033
4343,0.0347
4345,0.594
4347,0.2698
4349,0.0521
4351,0.3844
4353,0.2175
4355,0.0237
4357,0.3322
4359,0.2439
4361,0.1245
4363,0.0327
4365,0.3927
4367,0.1974
4369,0.1861
4371,0.2738
4373,0.0251
4375,0.3895
4377,0.3659
4379,0.1394
4381,0.055
4383,0.0764
4385,0.0583
4387,0.0485
4389,0.0753
4391,0.1109
4393,0.2353
4395,0.1981
4397,0.0681
4399,0.0743
4401,0.0561
4403,0.0538
4405,0.5232
4407,0.0731
4409,0.1048
4411,0.1085
4413,0.3277
4415,0.4416
4417,0.4043
4419,0.3622
4421,0.1833
4423,0.1229
4425,0.0751
4427,0.3205
4429,0.0824
4431,0.1411
4433,0.151
4435,0.2236
4437,0.0385
4439,0.1204
4441,0.0861
4443,0.0824
4445,0.1004
4447,0.0687
4449,0.9156
4451,0.1075
4452,0.1135
4453,0.1011
4454,0.1116
4456,0.0866
4457,0.0857
4458,0.0791
4459,0.0888
4460,0.1298
4461,0.12
4462,0.1262
4463,0.2438
4464,0.0423
4465,0.2125
4466,0.1601
4467,0.1045
4468,0.2691
4469,0.0759
4470,0.159
4472,0.047
4474,0.1548
4476,0.092
4478,0.2788
4480,0.363
4482,0.3717
4484,0.0583
4486,0.067
4488,0.0664
4489,0.0873
4490,0.0907
4491,0.0867
4493,0.3402
4495,0.0819
4496,0.088
4497,0.0661
4498,0.3056
4499,0.0408
4500,0.0772
4501,0.3145
4502,0.1118
4503,0.0814
4504,0.2507
4505,0.2474
4506,0.2596
4508,0.1428
4509,0.0674
4510,0.2623
4512,0.1172
4513,0.0798
4515,0.2978
4516,0.1786
4518,0.1678
4519,0.1522
4521,0.0855
4523,0.0932
4524,0.2341
4525,0.0791
4527,0.1609
4528,0.124
4529,0.299
4531,0.1764
4532,0.1437
4533,0.0734
4535,0.2324
4536,0.1133
4538,0.0282
4539,0.0261
4540,0.5368
4542,0.0737
4544,0.6328
4546,0.1208
4548,0.7324
4550,0.6298
4552,0.5266
4553,0.3143
4555,0.1026
4557,0.4881
4558,0.45
4560,0.628
4562,0.5518
4563,0.3701
4565,0.6744
4567,0.2968
4569,1.7971
4571,0.1063
4573,0.096
4575,0.2681
4577,0.0734
4578,0.3294
4580,0.0668
4581,0.1754
4582,0.3074
4584,0.2427
4586,0.1547
4588,0.3315
4590,0.7894
4592,0.2939
4594,0.3442
4596,0.0932
4598,0.1319
4600,0.2931
4602,0.4189
4604,0.0616
4605,0.3833
4607,0.1256
4609,0.0777
4610,0.6671
4612,0.2071
4614,0.4074
4616,0.0663
4617,0.195
4619,0.3253
4621,0.1218
4623,0.4078
4625,0.0485
4627,0.4323
4629,0.7784
4631,0.4193
4633,0.2021
4635,0.2728
4637,0.213
4639,0.1486
4641,0.0654
4643,0.1844
4645,0.0705
4646,0.111
4648,0.6336
4650,0.2005
4652,0.3343
4655,0.1621
4657,0.0876
4658,1.0931
4660,0.8039
4662,0.1127
4664,0.1258
4665,0.5459
4667,0.2371
4670,0.3021
4672,1.3224
4674,0.0418
4676,0.4601
4678,0.2599
4680,0.0803
4682,0.4242
4684,0.0887
4686,0.1767
4688,0.6769
4690,0.0755
4692,0.4022
4694,0.1105
4696,0.6212
4698,0.136
4700,0.0841
4701,0.0707
4703,0.0746
4704,0.2147
4706,0.2705
4708,0.1629
4710,0.0603
4713,0.0821
4715,0.5044
4717,0.2011
4719,0.0683
4720,0.3844
4722,0.1002
4723,0.0754
4724,0.1463
4726,0.2659
4728,0.2592
4730,0.8769
4732,0.1136
4733,0.1366
4735,0.1537
4737,0.6446
4739,0.1006
4741,0.2538
4743,0.0676
4744,0.3512
4746,0.78
4748,0.1831
4750,0.2956
4752,0.2281
4754,0.267
4756,0.0684
4757,0.1013
4759,0.4617
4761,0.1774
4763,0.4178
4765,0.087
4766,0.239
4769,0.2059
4770,0.0918
4772,0.055
4774,1.2318
4776,0.1064
4777,0.4892
4779,0.0593
4781,0.2819
4784,0.1859
4786,0.0731
4788,0.821
4790,0.1998
4792,1.135
4794,0.1048
4795,0.0742
4796,0.036
4798,0.3324
4800,0.3867
4802,0.1673
4804,1.7974
4806,0.1119
4808,1.0791
4810,0.5547
4812,0.1537
4814,0.4825
4816,0.4439
4818,0.2179
4820,0.3385
4822,0.8355
4824,0.1643
4826,0.3725
4828,0.2118
4830,0.084
4832,0.0689
4833,0.405
4835,0.1118
4837,0.6026
4839,0.0805
4840,0.146
4842,0.6015
4844,0.0903
4846,0.1505
4848,0.161
4850,0.4273
4852,0.1062
4854,0.1248
4856,0.9128
4858,0.3077
4860,0.1998
4862,0.0876
4863,0.1049
4865,0.0668
4866,0.5834
4868,0.1043
4870,0.6917
4872,0.686
4874,0.159
4876,0.0658
4878,0.1206
4879,0.0949
4880,0.1221
4881,0.1024
4882,0.0935
4883,0.0928
4884,0.1705
4885,1.1864
4886,0.1013
4887,0.0433
4888,0.1072
4889,0.1064
4890,0.16
4891,0.0742
4892,0.3938
4893,1.1749
4894,0.0904
4895,0.3433
4896,0.2544
4897,0.3394
4898,0.4235
4899,0.0852
4900,0.1034
4901,0.0638
4902,0.0375
4903,0.2841
4904,0.4853
4905,0.2272
4906,0.3487
4907,0.1471
4908,0.1761
4909,0.0848
4910,0.0827
4911,0.5174
4912,0.0432
4915,0.0368
4916,0.0686
4917,0.3077
4919,0.305
4920,0.0926
4921,0.1
4922,0.112
4923,0.2018
4924,0.1614
4925,0.1769
4926,0.109
4928,0.1611
4929,0.086
4930,0.1698
4931,0.273
4933,0.0803
4934,0.0776
4935,0.0824
4936,0.0692
4937,0.1449
4938,0.1038
4939,0.3278
4940,0.13024219809887777
4941,0.035
4942,0.3305
4943,0.055
4944,0.3618
4945,0.1298
4947,0.147
4948,0.131
4949,0.0851
4951,0.072
4952,0.0477
4953,0.0442
4954,0.8598
4955,0.0643
4956,0.0657
4957,0.0724
4958,0.4116
4959,0.2105
4960,0.0538
4961,0.0831
4962,0.3074
4963,0.155
4964,0.0621
4965,0.126
4966,0.0987
4967,0.1147
4968,0.1826
4969,0.3907
4970,0.2387
4971,0.226
4972,0.3506
4973,0.0701
4974,0.4044
4975,0.0666
4976,0.1661
4978,0.2189
4979,0.0702
4981,0.04378800218725159
4982,0.0879
4983,0.0857
4984,0.0634
4985,0.0739
4986,1.18
4988,0.0667
4989,0.0625
4990,0.0549
4991,0.058
4992,0.0781
4993,0.2059
4994,0.0493
4995,0.1321
4996,0.06
4997,0.0661
4998,0.1955
4999,0.07776618085830535
5000,0.04756616928269024
5001,0.1291
5002,0.1632
5003,0.1934
5004,0.2399
5005,0.2774
5006,0.0409
5007,0.1578
5008,0.0488
5009,0.0575
5011,0.2741
5012,0.0719
5013,0.2399
5014,0.2084
5015,0.078
5016,0.0377
5017,0.1649
5018,0.0816
5019,0.3599
5022,0.0299
5024,0.0486
5026,0.1026
5027,0.0538
5028,0.0621
5029,0.2688
5030,0.0756
5031,0.1142
5032,0.19
5033,0.0517
5034,0.1918
5035,0.1288
5037,0.0674
5038,0.2539
5040,0.5305
5041,0.0486
5042,0.3911
5043,1.2838
5045,0.1623
5046,0.1119
5047,0.3794
5048,0.0448
5049,0.5693
5051,0.156
5052,0.1852
5053,0.0567
5054,0.0905
5055,0.2514
5056,0.1412
5057,0.0551
5058,0.3104
5059,0.1591
5060,0.2621
5061,0.0846
5062,0.0898
5064,0.0295
5065,0.085
5066,0.11047431744490079
5067,0.4079
5068,0.0676
5069,0.0368
5070,0.0399
5071,0.3266
5072,0.078
5073,0.0396
5074,0.1619
5075,0.0897
5080,0.0483
5081,0.03563032224653372
5082,0.2007
5083,0.1044
5084,0.0878
5085,0.0791
5086,0.0483
5089,0.0407
5090,1.594
5092,0.2387
5095,0.2242
5096,0.6624
5097,0.0592
5099,0.0386601631191227
5100,0.3309
5101,0.08104631862270525
5104,0.19574040427282877
5105,0.2253
5106,0.2949
5108,0.0609
5109,0.2201
5110,0.1008
5111,0.0875
5113,0.1984
5114,0.041176791047644844
5116,0.0871
5117,0.0463
5118,0.0739
5119,0.2583
5121,0.3398
5122,0.191
5123,0.0671712925356712
5124,0.3969
5125,0.2612
5128,0.0756
5131,0.0589
5132,0.1634
5133,1.6875
5135,0.1002
5137,0.1256
5138,0.0758
5139,0.7353
5140,0.0742
5141,0.0454
5142,0.0809
5143,0.0397
5144,0.8282
5146,0.1926
5148,0.064
5149,0.5637
5150,0.0866
5151,0.1548
5157,0.7082
5158,0.0479
5159,0.0436
5161,0.0411
5162,0.5727
5163,0.0618
5164,0.0691
5165,0.0412
5167,0.3988
5169,0.054
5171,0.0495
5181,0.0388
5182,0.1199
5183,0.0985
5187,0.4053
5190,0.07783417819981647
5191,0.2774
5192,0.1354
5193,0.1102
5195,0.0414
5196,0.1195
5199,0.0897
5201,0.2929
5202,0.0682
5203,0.2849
5205,0.2683
5208,0.1671
5209,0.1322
5211,0.0947
5212,0.3184
5213,0.0651
5214,0.106
5215,0.0892
5216,0.0954
5217,0.2423
5218,0.0652
5220,0.029
5221,0.6202
5223,0.3427
5224,0.0487
5225,0.1475
5226,0.0516
5227,0.4791
5229,0.0344
5230,0.0527
5231,0.1846
5233,0.1171
5235,0.064
5238,0.2627
5241,0.0873
5243,0.1636
5244,0.1115
5248,0.0397
5249,0.6247
5254,0.0492
5257,0.1619
5261,0.2544
5264,0.0699
5265,0.2467
5266,0.2098
5267,0.0419
5270,0.0458
5274,0.8425
5275,0.0591
5276,0.11
5277,0.0456
5282,0.099
5284,0.6914
5287,0.0849
5288,0.3712
5289,0.0668
5293,0.3456
5299,0.246
5301,0.0584
5302,0.6011
5305,0.0669
5308,0.3714
5311,0.1264
5312,0.1057
5321,0.3268
5323,0.254
5327,0.1796
5330,0.1402
5335,0.0884
5336,0.1633
5337,0.3345
5341,0.4243
5347,0.2301
5348,0.0887
5353,0.3583
5354,0.078
5355,0.1256
5356,0.0521
5357,0.0708
5358,0.1453
5359,0.0686
5360,0.0508
5361,0.0284
5362,0.3913
5364,0.4446
5365,0.2304
5366,0.339
5367,0.1315
5368,0.0508
5369,0.1931
5370,0.0492
5371,0.0445
5372,0.0441
5373,0.0567
5374,0.0484
5375,0.0451
5376,0.1417
5377,0.5594
5379,0.0354
5380,0.2777
5381,0.0642
5382,0.0534
5383,0.2196
5384,0.2371
5385,0.4173
5386,0.0877
5387,0.0477
5388,0.0385
5389,0.1843
5390,0.0543
5391,0.1526
5392,0.0768
5393,0.0875
5394,0.0414
5395,0.1194
5396,0.0329
5397,0.5887
5398,0.0856
5400,0.043
5401,0.0662
5402,0.2791
5403,0.0612
5405,0.2846
5406,0.0934
5407,0.0855
5408,0.038
5409,0.029
5410,0.0968
5411,0.044
5412,0.226
5413,0.16318317007894248
5414,0.1962
5415,0.1122
5416,0.0629
5417,0.5598
5418,0.4796
5419,0.0419
5420,0.0559
5421,0.043
5422,0.1145
5424,0.1563
5425,0.0313
5426,0.0518
5427,0.0498
5428,0.069
5429,0.0388
5430,0.0582
5431,0.2806
5432,0.1969
5433,0.099
5434,0.1484
5435,0.1644
5436,0.0517
5437,0.1317
5438,0.0662
5439,0.0648
5440,0.034
5441,0.6552
5443,0.1002
5445,0.5115
5446,0.0731
5447,0.1925
5448,0.2323
5449,0.0819
5450,0.0592
5451,0.1013
5452,0.0424
5453,0.1963
5456,0.3602
5457,0.1319
5458,0.1111
5459,0.0607
5461,0.049
5462,0.4724
5463,0.3634
5464,0.101
5465,0.1051
5466,0.05377762091224431
5467,0.0384
5470,0.0601
5471,0.058
5472,0.1187
5473,0.0465
5474,0.1365
5477,0.1328
5480,0.6327
5481,0.0654
5482,0.1304
5483,0.1642
5484,0.2718
5485,0.272
5486,0.5891
5487,0.5476
5489,0.1502
5490,0.1068
5491,0.0384
5494,0.0987
5495,0.0502
5496,0.0704
5497,0.0453
5498,0.0863
5499,0.0759
5500,0.3757
5501,0.2043
5503,0.0975
5504,0.1071
5506,0.052
5507,0.3186
5508,0.0795
5509,0.2918
5510,0.0471
5511,0.0586
5512,0.0448
5513,0.0713
5514,0.0478
5515,0.1539
5516,0.0409
5517,0.1344
5520,0.1399
5521,0.0414
5522,0.3828
5524,0.0815
5525,0.0373
5526,0.0406
5527,0.0427
5528,0.1228
5529,0.0702
5531,0.1002
5533,0.0346
5534,0.1192
5535,0.0692
5536,0.0391
5539,0.034
5540,0.1449
5543,0.1482
5545,0.132
5546,0.0417
5547,0.046
5549,0.0451
5550,0.1085
5551,0.0427
5552,0.3539
5553,0.2966
5556,0.6368
5557,0.0628
5558,0.1208
5559,0.1618
5560,0.1341
5564,0.2023
5566,0.0579
5569,0.2865
5572,0.21
5573,0.1077
5574,0.0629
5575,0.1336
5578,0.0349
5581,0.0412
5585,0.4346
5587,0.1201
5589,0.0853
5591,0.0772
5592,0.7243
5593,0.0389
5595,0.2466
5597,0.0526
5599,0.36972674179908166
5601,0.2319
5602,0.3336
5603,0.0428
5605,0.1193
5607,0.2585
5610,0.2815
5612,0.0636
5613,0.0972
5615,0.2697
5618,0.0468
5619,0.0748
5620,0.3594
5621,0.0369
5623,0.0889
5626,0.0403
5627,0.3862
5629,0.0397
5631,0.1615
5632,0.2764
5633,0.0537
5637,0.1025
5639,0.3528
5641,0.1642
5642,0.04
5644,0.4627
5645,0.4981
5647,0.30935757017482135
5648,0.1855
5650,0.245
5651,0.0428
5652,0.2434
5658,0.2576
5660,0.085
5661,0.0511
5664,0.1007
5665,0.0511
5666,0.045
5671,0.0461
5672,0.4166
5673,0.0605
5674,0.0437
5676,0.0497
5679,0.1322380777321151
5682,0.203
5685,0.1625
5688,0.3276
5689,0.1077
5691,0.0487
5693,0.2463
5703,0.0494
5704,0.176
5707,0.3194
5709,0.0797
5710,0.2609
5713,0.0472
5719,0.0467
5720,0.1095
5722,0.0943
5724,0.2012
5725,0.4446
5727,0.1866
5728,0.1055
5733,0.0893
5735,0.0912
5736,0.284
5737,0.0778
5739,0.0833
5741,0.0431
5742,0.1168
5745,0.1314
5746,0.155
5747,0.2142
5749,0.1076
5750,0.0699
5751,0.0522
5752,0.0837
5758,0.395
5760,0.1817
5762,0.0445
5763,0.1008
5766,0.2670722802002388
5770,0.1594
5778,0.3701
5779,0.6719
5781,0.2025
5783,0.1521
5787,0.0772
5789,0.3356
5792,0.2452
5796,0.0448
5797,0.0927
5799,0.0481
5802,0.0668
5803,0.0589
5804,0.0757
5805,0.0475
5807,0.1049
5808,0.2129
5809,0.2749
5810,0.0778
5811,0.1632
5812,0.1614
5813,0.1939
5814,0.2776
5815,0.1157
5817,0.1324
5819,0.0758
5825,0.1052
5826,0.1856
5827,0.1178
5831,0.1188
5833,0.1756
5835,0.1937
5840,0.1067
5844,0.1279
5846,0.1422
5848,0.1003
5849,0.1837
5851,0.1261
5852,0.6112
5854,0.3044
5856,0.275
5858,0.1739
5860,0.0933
5861,2.3238
5862,0.0411
5863,0.0979
5864,0.1336
5866,0.096
5867,0.0639
5868,0.1333
5869,0.1282
5870,0.0735
5871,0.0631
5872,0.0714
5874,2.2842
5876,0.163
5877,0.248
5879,0.1692
5881,0.1155
5882,0.1502
5883,0.0666
5885,0.0744
5886,0.1413
5887,0.0777
5888,0.1531
5890,0.0719
5891,0.0756
5892,0.5241
5893,0.0945
5894,0.0929
5896,0.0612
5897,0.0852
5898,0.0668
5899,0.1997
5901,0.0843
5902,0.0553
5904,0.1408
5906,0.3042
5908,0.1343
5909,0.3176
5911,0.1876
5913,0.294
5914,0.1885
5915,0.2447
5917,0.6967
5918,0.0447
5920,0.1483
5922,0.1875
5923,1.1373
5924,0.0745
5926,0.057
5928,0.0585
5929,0.0458
5932,0.0548
5936,0.1199
5938,0.1545
5940,0.065
5942,0.3119
5944,0.1978
5946,0.1477
5948,0.1991
5950,0.3968
5952,0.2061
5954,0.1421
5956,0.1399
5958,0.1105
5960,0.1456
5962,0.1213
5964,0.1794
5966,0.1576
5967,0.1431
5968,0.0982
5969,0.0896
5970,0.1268
5971,0.0835
5972,0.4017
5973,0.0703
5974,0.091
5976,0.1961
5978,0.0494
5979,0.1115
5982,0.0514
5984,0.1542
5985,0.0862
5987,0.2847
5988,0.2165
5990,0.1813
5991,0.1837
5992,0.2111
5994,0.1412
5996,0.1077
6000,0.1055
6002,0.2054
6004,0.1068
6005,0.3015
6006,0.0849
6007,0.3181
6008,0.1584
6009,0.0464
6010,0.1139
6011,0.2271
6012,0.087
6013,0.0845
6014,0.0621
6015,0.0974
6017,0.2257
6018,0.2305
6019,0.1339
6020,0.14
6021,0.0876
6022,0.2259
6023,0.1438
6024,0.044
6026,0.1856
6028,0.5544
6030,0.1378
6032,0.0889
6034,0.4527
6035,0.2704
6036,0.5256
6037,0.4687
6038,0.041
6039,0.2637
6040,0.1764
6042,0.1619
6044,0.082
6045,0.4319
6046,0.1654
6047,0.368
6048,0.6293
6049,0.1216
6051,0.1488
6053,0.0866
6054,0.0832
6055,0.0839
6056,0.1041
6057,0.0904
6058,0.0873
6059,0.088
6060,0.1003
6067,0.0789
6068,0.1623
6069,0.1821
6070,0.0797
6071,0.0757
6072,0.0921
6073,0.0511
6074,0.1609
6075,0.0424
6076,0.0875
6077,0.0686
6079,0.1763
6080,0.081
6082,0.0794
6083,0.0705
6084,0.0713
6085,0.0668
6086,0.6881
6087,0.0708
6089,0.1809
6091,0.1368
6093,0.1382
6095,0.3193
6097,0.1241
6098,0.3739
6100,0.1805
6102,0.1497
6104,0.1293
6105,0.0785
6106,0.0667
6107,0.1086
6108,0.086
6109,0.1231
6110,0.0579
6112,0.0657
6113,0.1198
6114,0.054
6115,0.0678
6116,0.0757
6117,0.092
6119,0.0952
6120,0.0923
6121,0.0495
6123,0.4885
6126,0.0732
6129,0.1022
6131,0.1451
6133,0.0356
6135,0.097
6137,0.0667
6139,0.3402
6141,0.1239
