origin_zone_id,dest_zone_id,bus,ion,transit_min_gc
13010,40521,,49.1984,49.1984
13010,40436,,48.215,48.215
13010,40528,,47.7035,47.7035
13010,40424,,47.620999999999995,47.620999999999995
13010,40777,,46.77950000000001,46.77950000000001
13010,40791,,46.6937,46.6937
13010,40908,,46.33070000000001,46.33070000000001
13011,40521,,46.264700000000005,46.264700000000005
40424,13138,62.43800000000001,45.838999999999984,45.838999999999984
13010,40535,,45.617900000000006,45.617900000000006
40424,12715,59.0852,45.6146,45.6146
13010,40435,,45.3209,45.3209
13011,40436,,45.28130000000001,45.28130000000001
40521,13138,60.758300000000006,45.14929999999999,45.14929999999999
13010,40513,,45.10970000000001,45.10970000000001
40424,13008,,44.93809999999999,44.93809999999999
40521,12715,57.4055,44.924899999999994,44.924899999999994
13010,21218,,44.898500000000006,44.898500000000006
13011,40528,,44.7698,44.7698
13010,21626,,44.7071,44.7071
13011,40424,,44.6873,44.6873
40424,12904,,44.6774,44.6774
13002,40436,,44.3276,44.3276
40424,12710,57.052400000000006,44.175799999999995,44.175799999999995
13010,40506,,44.11970000000001,44.11970000000001
40438,13138,,44.00749999999999,44.00749999999999
40521,13008,,43.98439999999999,43.98439999999999
13010,40536,,43.981100000000005,43.981100000000005
13011,40777,,43.84580000000001,43.84580000000001
40424,13009,56.7224,43.8458,43.8458
40438,12715,,43.7831,43.7831
13011,40791,,43.760000000000005,43.760000000000005
40521,12904,,43.723699999999994,43.723699999999994
13009,40436,,43.720400000000005,43.720400000000005
40434,13138,,43.677499999999995,43.677499999999995
40424,13010,56.3924,43.54879999999999,43.54879999999999
40903,13138,55.7126,43.4894,43.4894
13002,40528,47.729899999999994,43.4861,43.4861
40521,12710,55.3727,43.48609999999999,43.48609999999999
40434,12715,,43.45309999999999,43.45309999999999
13010,40526,,43.42010000000001,43.42010000000001
12904,40521,,43.4102,43.4102
40737,13138,53.2013,43.400299999999994,43.400299999999994
13011,40908,,43.397000000000006,43.397000000000006
13010,40511,,43.39040000000001,43.39040000000001
12710,40436,,43.39040000000001,43.39040000000001
13010,40514,,43.32770000000001,43.32770000000001
13010,40508,,43.28810000000001,43.28810000000001
40424,13136,55.8413,43.2683,43.2683
40903,12715,52.35979999999999,43.265,43.265
40424,13002,56.0624,43.23859999999999,43.23859999999999
40521,13009,55.0427,43.156099999999995,43.156099999999995
40906,13138,52.8713,43.15279999999999,43.15279999999999
13008,40521,,43.1495,43.1495
40438,13008,,43.10659999999999,43.10659999999999
13010,40530,,43.05050000000001,43.05050000000001
40424,12707,55.58390000000001,43.01089999999999,43.01089999999999
40424,13011,55.732400000000005,42.88219999999999,42.88219999999999
13009,40528,47.06989999999999,42.87890000000001,42.87890000000001
13002,40521,,42.8591,42.8591
40521,13010,54.7127,42.85909999999999,42.85909999999999
13010,40426,,42.852500000000006,42.852500000000006
40438,12904,,42.8459,42.8459
40434,13008,,42.776599999999995,42.776599999999995
40909,13138,52.211299999999994,42.76669999999999,42.76669999999999
13011,40535,,42.6842,42.6842
40424,13006,55.4024,42.674299999999974,42.674299999999974
40521,13136,54.16160000000001,42.578599999999994,42.578599999999994
13002,40777,45.3077,42.56210000000001,42.56210000000001
12710,40528,46.73989999999999,42.5489,42.5489
40521,13002,54.3827,42.54889999999999,42.54889999999999
40434,12904,,42.515899999999995,42.515899999999995
13010,21668,,42.440000000000005,42.440000000000005
12904,40436,,42.42680000000001,42.42680000000001
40424,12712,54.9866,42.413599999999995,42.413599999999995
13006,40521,,42.3905,42.3905
13011,40435,,42.3872,42.3872
40438,12710,,42.3443,42.3443
40521,12707,53.9042,42.32119999999999,42.32119999999999
13138,40521,,42.3047,42.3047
13010,40402,,42.2783,42.2783
13009,40521,,42.25189999999999,42.25189999999999
40424,12507,,42.20239999999999,42.20239999999999
40521,13011,54.0527,42.192499999999995,42.192499999999995
13011,40513,,42.17600000000001,42.17600000000001
13008,40436,,42.1661,42.1661
40438,13009,,42.01429999999999,42.01429999999999
40434,12710,,42.01429999999999,42.01429999999999
40521,13006,53.7227,41.98459999999997,41.98459999999997
13011,21218,,41.9648,41.9648
13009,40777,44.6477,41.95490000000001,41.95490000000001
12715,40436,,41.9516,41.9516
13136,40521,,41.9516,41.9516
13010,40434,,41.94500000000001,41.94500000000001
40903,13008,,41.935099999999984,41.935099999999984
12710,40521,,41.921899999999994,41.921899999999994
12904,40528,,41.9153,41.9153
40526,13138,60.42500000000001,41.892199999999995,41.892199999999995
40422,13138,71.30180000000001,41.8625,41.8625
13010,40406,,41.8526,41.8526
12904,40424,,41.8328,41.8328
40903,12710,50.327,41.8262,41.8262
13010,21610,,41.793200000000006,41.793200000000006
13011,21626,,41.7734,41.7734
13002,40535,50.148799999999994,41.730500000000006,41.730500000000006
40424,12522,,41.72719999999999,41.72719999999999
40521,12712,53.306900000000006,41.72389999999999,41.72389999999999
40438,13010,,41.717299999999994,41.717299999999994
40434,13009,,41.68429999999999,41.68429999999999
40903,12904,,41.67439999999999,41.67439999999999
40526,12715,57.0722,41.6678,41.6678
13010,40405,,41.6546,41.6546
13008,40528,49.70989999999999,41.6546,41.6546
40422,12715,67.94900000000001,41.6381,41.6381
12710,40777,44.3177,41.62490000000001,41.62490000000001
40424,12718,55.732400000000005,41.62489999999999,41.62489999999999
13010,40411,,41.618300000000005,41.618300000000005
13010,40438,,41.61500000000001,41.61500000000001
21208,13138,51.1949,41.5886,41.5886
13008,40424,44.5322,41.5721,41.5721
40536,13138,60.7682,41.5292,41.5292
40521,12507,,41.51269999999999,41.51269999999999
40903,13009,49.99699999999999,41.496199999999995,41.496199999999995
40424,12503,,41.47639999999999,41.47639999999999
40737,12715,49.8485,41.46979999999999,41.46979999999999
40438,13136,,41.4368,41.4368
13002,40435,,41.4335,41.4335
13006,40436,,41.4071,41.4071
40438,13002,,41.40709999999999,41.40709999999999
40434,13010,,41.3873,41.3873
21242,13138,50.864900000000006,41.3543,41.3543
13138,40436,,41.3213,41.3213
40536,12715,57.4154,41.3048,41.3048
40424,13027,55.4024,41.30479999999999,41.30479999999999
13010,40903,,41.28830000000001,41.28830000000001
13002,40424,42.5522,41.2817,41.2817
13010,40439,,41.25200000000001,41.25200000000001
40424,12735,55.131800000000005,41.25199999999999,41.25199999999999
13010,21518,,41.2223,41.2223
13002,40513,44.221999999999994,41.2223,41.2223
40906,12715,49.5185,41.22229999999999,41.22229999999999
40405,13138,55.07900000000001,41.2025,41.2025
40903,13010,49.666999999999994,41.1992,41.1992
13011,40506,,41.18600000000001,41.18600000000001
40438,12707,,41.179399999999994,41.179399999999994
13010,40422,,41.169500000000006,41.169500000000006
13009,40535,49.4888,41.1233,41.1233
12715,40528,44.7071,41.1101,41.1101
40737,13010,47.15569999999999,41.11009999999999,41.11009999999999
40434,13136,,41.10679999999999,41.10679999999999
40434,13002,,41.077099999999994,41.077099999999994
40438,13011,,41.05069999999999,41.05069999999999
13011,40536,,41.04740000000001,41.04740000000001
40521,12522,,41.03749999999999,41.03749999999999
40424,12612,,41.03419999999999,41.03419999999999
40424,12645,54.1319,41.0111,41.0111
40513,13138,62.078300000000006,41.0078,41.0078
12904,40777,,40.99130000000001,40.99130000000001
40526,13008,,40.9913,40.9913
13010,21512,,40.98470000000001,40.98470000000001
40424,12727,54.80180000000001,40.981399999999994,40.981399999999994
40405,12715,51.726200000000006,40.978100000000005,40.978100000000005
13136,40436,,40.9682,40.9682
13010,21908,,40.96490000000001,40.96490000000001
40422,13008,,40.9616,40.9616
40521,12718,54.0527,40.935199999999995,40.935199999999995
40903,13136,49.1159,40.918699999999994,40.918699999999994
13006,40528,58.94989999999999,40.8956,40.8956
40903,13002,49.337,40.889,40.889
40906,13010,46.82569999999999,40.86259999999999,40.86259999999999
40434,12707,,40.8494,40.8494
13002,21626,47.5154,40.8428,40.8428
40438,13006,,40.842799999999976,40.842799999999976
13010,40423,,40.83950000000001,40.83950000000001
40909,12715,48.8585,40.83619999999999,40.83619999999999
40737,13136,46.60459999999999,40.82959999999999,40.82959999999999
13009,40435,,40.8263,40.8263
13006,40424,53.25739999999999,40.8131,40.8131
13138,40528,54.329899999999995,40.8098,40.8098
12710,40535,49.158799999999985,40.7933,40.7933
40521,12503,,40.78669999999999,40.78669999999999
40513,12715,58.7255,40.7834,40.7834
40716,13138,55.9106,40.7504,40.7504
13008,40777,47.2877,40.73060000000001,40.73060000000001
40526,12904,,40.7306,40.7306
13138,40424,49.15219999999999,40.7273,40.7273
40434,13011,,40.720699999999994,40.720699999999994
40422,12904,,40.7009,40.7009
13009,40424,41.892199999999995,40.674499999999995,40.674499999999995
40903,12707,48.8585,40.6613,40.6613
40536,13008,,40.6283,40.6283
13009,40513,43.562,40.615100000000005,40.615100000000005
40521,13027,53.7227,40.61509999999999,40.61509999999999
40438,12712,,40.5821,40.5821
40906,13136,46.27459999999999,40.5821,40.5821
40424,12629,54.8744,40.5821,40.5821
40737,12707,46.347199999999994,40.572199999999995,40.572199999999995
40521,12735,53.452099999999994,40.562299999999986,40.562299999999986
40903,13011,49.007,40.532599999999995,40.532599999999995
40716,12715,52.5578,40.526,40.526
40434,13006,,40.51279999999998,40.51279999999998
12710,40435,,40.496300000000005,40.496300000000005
13011,40526,,40.48640000000001,40.48640000000001
12715,40521,,40.48309999999999,40.48309999999999
40909,13010,46.16569999999999,40.476499999999994,40.476499999999994
13010,40909,,40.46330000000001,40.46330000000001
13011,40511,,40.45670000000001,40.45670000000001
13136,40528,74.7998,40.456700000000005,40.456700000000005
40737,13011,46.49569999999999,40.44349999999999,40.44349999999999
13011,40514,,40.39400000000001,40.39400000000001
13136,40424,68.8235,40.3742,40.3742
40438,12507,,40.37089999999999,40.37089999999999
40536,12904,,40.3676,40.3676
13011,40508,,40.354400000000005,40.354400000000005
12710,40424,41.56219999999999,40.3445,40.3445
40521,12612,,40.34449999999999,40.34449999999999
40424,12639,,40.3313,40.3313
40906,12707,46.017199999999995,40.32469999999999,40.32469999999999
40903,13006,48.67699999999999,40.32469999999998,40.32469999999998
40521,12645,52.452200000000005,40.3214,40.3214
12701,40521,,40.314800000000005,40.314800000000005
21225,13138,51.8813,40.30820000000001,40.30820000000001
40405,13008,,40.3016,40.3016
40435,13138,57.158,40.3016,40.3016
40521,12727,53.1221,40.29169999999999,40.29169999999999
12710,40513,43.23199999999999,40.28510000000001,40.28510000000001
40434,12712,,40.25209999999999,40.25209999999999
12718,40521,,40.2455,40.2455
13009,21626,46.8554,40.2356,40.2356
40737,13006,46.16569999999999,40.23559999999998,40.23559999999998
13002,40506,43.23199999999999,40.23230000000001,40.23230000000001
40526,12710,55.03940000000001,40.229,40.229
40422,12710,65.9162,40.1993,40.1993
40906,13011,46.16569999999999,40.19599999999999,40.19599999999999
40909,13136,45.6146,40.19599999999999,40.19599999999999
12715,40777,42.2849,40.18610000000001,40.18610000000001
40731,13138,55.2869,40.1267,40.1267
13011,40530,,40.116800000000005,40.116800000000005
12628,40521,,40.116800000000005,40.116800000000005
40513,13008,,40.1069,40.1069
13002,40536,43.218799999999995,40.093700000000005,40.093700000000005
21225,12715,48.5285,40.0838,40.0838
13010,40906,,40.07720000000001,40.07720000000001
40435,12715,53.80519999999999,40.077200000000005,40.077200000000005
40903,12712,48.261199999999995,40.06399999999999,40.06399999999999
40405,12904,,40.0409,40.0409
40434,12507,,40.040899999999986,40.040899999999986
40737,12710,47.81569999999999,40.03099999999999,40.03099999999999
40906,13006,45.83569999999999,39.988099999999974,39.988099999999974
40737,12712,45.74989999999999,39.97489999999999,39.97489999999999
13006,40777,56.5277,39.97160000000001,39.97160000000001
12635,40521,,39.9551,39.9551
13010,22002,,39.951800000000006,39.951800000000006
40909,12707,45.3572,39.938599999999994,39.938599999999994
21208,12715,47.8421,39.931999999999995,39.931999999999995
13011,40426,,39.918800000000005,39.918800000000005
12710,21626,46.5254,39.9056,39.9056
13010,40702,,39.9023,39.9023
40731,12715,51.93410000000001,39.9023,39.9023
40526,13009,54.7094,39.899,39.899
40438,12522,,39.89569999999999,39.89569999999999
40535,13138,,39.8924,39.8924
40521,12629,53.1947,39.892399999999995,39.892399999999995
13138,40777,51.9077,39.88580000000001,39.88580000000001
13006,40791,50.39960000000001,39.8858,39.8858
40422,13009,65.5862,39.8693,39.8693
40536,12710,55.3826,39.866,39.866
12634,40521,,39.8627,39.8627
40903,12507,,39.85279999999999,39.85279999999999
40716,13008,,39.8495,39.8495
40513,12904,,39.8462,39.8462
13010,40737,,39.82970000000001,39.82970000000001
12904,40535,,39.8297,39.8297
13010,21225,,39.813200000000016,39.813200000000016
40909,13011,45.5057,39.80989999999999,39.80989999999999
13138,40791,45.7796,39.8,39.8
40438,12718,,39.79339999999999,39.79339999999999
40906,12710,47.48569999999999,39.7835,39.7835
40737,12507,,39.763699999999986,39.763699999999986
40755,13138,54.9206,39.7604,39.7604
40906,12712,45.4199,39.7274,39.7274
13010,40731,,39.71090000000001,39.71090000000001
13010,20901,,39.70100000000001,39.70100000000001
40737,13009,47.48569999999999,39.70099999999999,39.70099999999999
21242,12715,47.5121,39.69769999999999,39.69769999999999
40535,12715,,39.668000000000006,39.668000000000006
12636,40521,,39.6614,39.6614
40438,12503,,39.64489999999999,39.64489999999999
40521,12639,,39.6416,39.6416
40424,12523,53.267300000000006,39.6383,39.6383
13009,40506,42.572,39.6251,39.6251
13010,21671,,39.62180000000001,39.62180000000001
40526,13010,54.3794,39.602,39.602
40909,13006,45.17569999999999,39.601999999999975,39.601999999999975
40716,12904,,39.5888,39.5888
40422,13010,65.2562,39.5723,39.5723
13008,40535,52.1288,39.569,39.569
40434,12522,,39.56569999999999,39.56569999999999
40405,12710,49.69340000000001,39.5393,39.5393
40536,13009,55.052600000000005,39.536,39.536
40755,12715,51.5678,39.536,39.536
13136,40777,72.37760000000002,39.53270000000001,39.53270000000001
13002,40526,42.3311,39.53270000000001,39.53270000000001
12904,40435,,39.5327,39.5327
13006,40908,49.7396,39.5228,39.5228
12904,40791,,39.5162,39.5162
40906,12507,,39.51619999999999,39.51619999999999
13011,21668,,39.5063,39.5063
13009,40536,42.5588,39.48650000000001,39.48650000000001
40528,13138,56.372600000000006,39.4766,39.4766
40438,13027,,39.473299999999995,39.473299999999995
40434,12718,,39.46339999999999,39.46339999999999
40906,13009,47.15569999999999,39.45349999999999,39.45349999999999
13136,40791,66.24950000000001,39.4469,39.4469
13002,40514,42.238699999999994,39.44030000000001,39.44030000000001
13138,40908,45.119600000000005,39.437,39.437
40506,13138,56.28350000000001,39.4337,39.4337
40438,12735,,39.42049999999999,39.42049999999999
13002,40508,42.199099999999994,39.40070000000001,39.40070000000001
40435,13008,,39.4007,39.4007
40909,12710,46.82569999999999,39.39739999999999,39.39739999999999
40903,12522,,39.377599999999994,39.377599999999994
12637,40521,,39.374300000000005,39.374300000000005
12715,40535,47.126,39.3545,39.3545
40513,12710,56.6927,39.3446,39.3446
13011,40402,,39.3446,39.3446
40909,12712,44.759899999999995,39.34129999999999,39.34129999999999
12701,40436,,39.3314,39.3314
12904,40513,,39.32150000000001,39.32150000000001
40526,13136,53.828300000000006,39.3215,39.3215
40434,12503,,39.314899999999994,39.314899999999994
21208,13010,45.1493,39.2984,39.2984
12710,40506,42.24199999999999,39.295100000000005,39.295100000000005
40526,13002,54.049400000000006,39.2918,39.2918
40422,13136,64.70510000000002,39.2918,39.2918
40737,12522,,39.28849999999999,39.28849999999999
40903,12718,49.007,39.275299999999994,39.275299999999994
13008,40435,,39.272,39.272
40422,13002,64.92620000000001,39.2621,39.2621
12718,40436,,39.2621,39.2621
13008,40791,41.159600000000005,39.2555,39.2555
40528,12715,53.0198,39.2522,39.2522
12712,40521,,39.2489,39.2489
13010,40744,,39.24230000000001,39.24230000000001
40536,13010,54.7226,39.239,39.239
13002,40511,42.52909999999999,39.2258,39.2258
40731,13008,,39.2258,39.2258
40405,13009,49.363400000000006,39.209300000000006,39.209300000000006
40506,12715,52.9307,39.209300000000006,39.209300000000006
40438,12612,,39.20269999999999,39.20269999999999
13010,21602,,39.18950000000001,39.18950000000001
40737,12718,46.49569999999999,39.18619999999999,39.18619999999999
40438,12645,,39.1796,39.1796
13002,40530,42.32449999999999,39.16310000000001,39.16310000000001
12710,40536,42.22879999999999,39.15650000000001,39.15650000000001
13010,21640,,39.15650000000001,39.15650000000001
12904,40908,,39.1532,39.1532
40438,12727,,39.149899999999995,39.149899999999995
40434,13027,,39.1433,39.1433
40435,12904,,39.14000000000001,39.14000000000001
12628,40436,,39.13340000000001,39.13340000000001
40909,12507,,39.130099999999985,39.130099999999985
40903,12503,,39.1268,39.1268
40511,13138,55.7126,39.113600000000005,39.113600000000005
40514,13138,55.7126,39.113600000000005,39.113600000000005
40737,13002,46.82569999999999,39.093799999999995,39.093799999999995
40434,12735,,39.09049999999999,39.09049999999999
13010,40716,,39.08720000000001,39.08720000000001
40716,12710,50.525000000000006,39.0872,39.0872
13136,40908,65.58950000000002,39.0839,39.0839
40909,13009,46.49569999999999,39.06739999999999,39.06739999999999
40526,12707,53.57090000000001,39.0641,39.0641
21242,13010,44.8193,39.0641,39.0641
13008,40513,46.20199999999999,39.0608,39.0608
12715,40435,,39.0575,39.0575
13010,40718,,39.050900000000006,39.050900000000006
40906,12522,,39.04099999999999,39.04099999999999
40737,12503,,39.037699999999994,39.037699999999994
40422,12707,64.44770000000001,39.0344,39.0344
21208,13136,44.5982,39.0179,39.0179
40513,13009,56.3627,39.0146,39.0146
13011,40434,,39.011300000000006,39.011300000000006
40535,13008,,38.9915,38.9915
12635,40436,,38.971700000000006,38.971700000000006
40731,12904,,38.9651,38.9651
40536,13136,54.17150000000001,38.9585,38.9585
40903,13027,48.67699999999999,38.9552,38.9552
40521,12523,51.58760000000001,38.9486,38.9486
40906,12718,46.16569999999999,38.93869999999999,38.93869999999999
40526,13011,53.71940000000001,38.9354,38.9354
40536,13002,54.3926,38.9288,38.9288
13009,40526,41.6711,38.92550000000001,38.92550000000001
13011,40406,,38.9189,38.9189
12904,21626,,38.918899999999994,38.918899999999994
13010,40705,,38.91230000000001,38.91230000000001
40405,13010,49.03340000000001,38.9123,38.9123
40422,13011,64.59620000000001,38.9057,38.9057
12715,40424,39.5294,38.9057,38.9057
40903,12735,48.4064,38.90239999999999,38.90239999999999
13008,40908,40.4996,38.8925,38.8925
40514,12715,52.35979999999999,38.8892,38.8892
40511,12715,52.35979999999999,38.8892,38.8892
12634,40436,,38.87930000000001,38.87930000000001
13005,40521,,38.8727,38.8727
40434,12612,,38.872699999999995,38.872699999999995
40737,13027,46.16569999999999,38.8661,38.8661
13011,21610,,38.85950000000001,38.85950000000001
40755,13008,,38.8595,38.8595
40434,12645,,38.8496,38.8496
12715,40513,41.1992,38.8463,38.8463
40906,13002,46.49569999999999,38.84629999999999,38.84629999999999
13009,40514,41.5787,38.83310000000001,38.83310000000001
12701,40528,56.197700000000005,38.8199,38.8199
40434,12727,,38.81989999999999,38.81989999999999
40737,12735,45.89509999999999,38.81329999999999,38.81329999999999
40411,13138,61.74170000000001,38.81,38.81
13006,40535,61.3688,38.81,38.81
13009,40508,41.5391,38.79350000000001,38.79350000000001
40906,12503,,38.79019999999999,38.79019999999999
21242,13136,44.2682,38.78360000000001,38.78360000000001
40508,13138,55.3826,38.7836,38.7836
13023,40521,,38.7704,38.7704
21208,12707,44.3408,38.7605,38.7605
40716,13009,50.195,38.757200000000005,38.757200000000005
12718,40528,59.4581,38.750600000000006,38.750600000000006
40438,12629,,38.75059999999999,38.75059999999999
12701,40424,50.7329,38.7374,38.7374
40535,12904,,38.7308,38.7308
40526,13006,53.3894,38.727499999999985,38.727499999999985
13138,40535,56.7488,38.7242,38.7242
13011,40405,,38.7209,38.7209
40513,13010,56.0327,38.7176,38.7176
12638,40521,,38.7143,38.7143
40749,13138,,38.7011,38.7011
40536,12707,53.9141,38.7011,38.7011
40422,13006,64.2662,38.69779999999998,38.69779999999998
13011,40411,,38.6846,38.6846
40903,12612,,38.6846,38.6846
13011,40438,,38.68130000000001,38.68130000000001
12636,40436,,38.678,38.678
12718,40424,51.5843,38.6681,38.6681
40903,12645,47.40650000000001,38.6615,38.6615
13008,21626,49.49539999999999,38.6582,38.6582
40909,12522,,38.65489999999999,38.65489999999999
12707,40521,,38.6516,38.6516
21225,12710,46.49569999999999,38.645,38.645
40435,12710,51.77239999999999,38.6384,38.6384
40405,13136,48.4823,38.631800000000005,38.631800000000005
21208,13011,44.4893,38.631800000000005,38.631800000000005
40903,12727,48.0764,38.6318,38.6318
12628,40528,55.03939999999999,38.62190000000001,38.62190000000001
13009,40511,41.8691,38.6186,38.6186
40906,13027,45.83569999999999,38.618599999999994,38.618599999999994
40405,13002,48.70340000000001,38.6021,38.6021
40755,12904,,38.5988,38.5988
12710,40526,41.34109999999999,38.59550000000001,38.59550000000001
40737,12612,,38.59549999999999,38.59549999999999
40411,12715,58.38890000000001,38.58560000000001,38.58560000000001
13010,21228,,38.5823,38.5823
40528,13008,,38.5757,38.5757
40536,13011,54.0626,38.5724,38.5724
40737,12645,44.8952,38.5724,38.5724
40906,12735,45.565099999999994,38.56579999999999,38.56579999999999
40508,12715,52.029799999999994,38.5592,38.5592
13009,40530,41.6645,38.5559,38.5559
13002,21668,41.054,38.552600000000005,38.552600000000005
40909,12718,45.5057,38.55259999999999,38.55259999999999
12904,21218,,38.549299999999995,38.549299999999995
40737,12727,45.565099999999994,38.54269999999999,38.54269999999999
12628,40424,49.8617,38.5394,38.5394
40506,13008,,38.532799999999995,38.532799999999995
21242,12707,44.0108,38.5262,38.5262
13006,40435,,38.513,38.513
12710,40514,41.24869999999999,38.50310000000001,38.50310000000001
40438,12639,,38.4998,38.4998
21208,12710,45.80929999999999,38.493199999999995,38.493199999999995
40749,12715,,38.47670000000001,38.47670000000001
40526,12712,52.973600000000005,38.4668,38.4668
12715,21626,44.4926,38.46679999999999,38.46679999999999
12710,40508,41.20909999999999,38.46350000000001,38.46350000000001
40731,12710,49.901300000000006,38.4635,38.4635
12635,40528,61.0289,38.46020000000001,38.46020000000001
40716,13010,49.865,38.4602,38.4602
40909,13002,45.83569999999999,38.46019999999999,38.46019999999999
12534,40521,,38.456900000000005,38.456900000000005
40513,13136,55.48160000000001,38.4371,38.4371
40422,12712,63.85040000000001,38.4371,38.4371
13010,21940,,38.433800000000005,38.433800000000005
13138,40435,,38.4272,38.4272
21208,13006,44.1593,38.42389999999999,38.42389999999999
40434,12629,,38.42059999999999,38.42059999999999
40513,13002,55.7027,38.4074,38.4074
40909,12503,,38.40409999999999,38.40409999999999
21242,13011,44.1593,38.39750000000001,38.39750000000001
12637,40436,,38.3909,38.3909
13002,40402,41.892199999999995,38.3909,38.3909
12635,40424,55.052600000000005,38.3777,38.3777
40405,12707,48.224900000000005,38.3744,38.3744
13136,40535,77.21870000000001,38.371100000000006,38.371100000000006
12634,40528,60.7682,38.3678,38.3678
40536,13006,53.732600000000005,38.364499999999985,38.364499999999985
13011,40903,,38.354600000000005,38.354600000000005
40906,12612,,38.34799999999999,38.34799999999999
12904,40506,,38.331500000000005,38.331500000000005
40424,12535,56.814800000000005,38.3315,38.3315
40906,12645,44.5652,38.3249,38.3249
12537,40521,,38.3216,38.3216
13011,40439,,38.31830000000001,38.31830000000001
12503,40521,,38.3183,38.3183
21225,13009,46.16569999999999,38.315000000000005,38.315000000000005
40528,12904,,38.315,38.315
40435,13009,51.44239999999999,38.308400000000006,38.308400000000006
13006,40513,55.44199999999999,38.30180000000001,38.30180000000001
40906,12727,45.2351,38.295199999999994,38.295199999999994
13011,21518,,38.28860000000001,38.28860000000001
12710,40511,41.53909999999999,38.2886,38.2886
13008,21218,41.215700000000005,38.288599999999995,38.288599999999995
12634,40424,54.791900000000005,38.2853,38.2853
12535,40521,,38.2754,38.2754
40506,12904,,38.2721,38.2721
12712,40436,,38.2655,38.2655
21242,12710,45.4793,38.25889999999999,38.25889999999999
40526,12507,,38.255599999999994,38.255599999999994
40405,13011,48.37340000000001,38.24570000000001,38.24570000000001
12504,40521,,38.2457,38.2457
13011,40422,,38.235800000000005,38.235800000000005
40909,13027,45.17569999999999,38.232499999999995,38.232499999999995
40903,12629,48.14900000000001,38.232499999999995,38.232499999999995
40535,12710,,38.229200000000006,38.229200000000006
40422,12507,,38.2259,38.2259
12710,40530,41.33449999999999,38.2259,38.2259
13138,40513,50.822,38.216,38.216
40511,13008,,38.2127,38.2127
40514,13008,,38.2127,38.2127
12904,40536,,38.1929,38.1929
21242,13006,43.8293,38.18959999999999,38.18959999999999
40513,12707,55.2242,38.1797,38.1797
40716,13136,49.3139,38.1797,38.1797
40909,12735,44.9051,38.17969999999999,38.17969999999999
13010,40755,,38.16980000000001,38.16980000000001
40434,12639,,38.169799999999995,38.169799999999995
13010,21661,,38.16650000000001,38.16650000000001
12636,40528,60.4382,38.166500000000006,38.166500000000006
21208,13009,45.4793,38.1632,38.1632
21208,12712,43.7435,38.1632,38.1632
40402,13138,62.4182,38.15,38.15
40716,13002,49.535,38.15,38.15
40737,12629,45.637699999999995,38.14339999999999,38.14339999999999
40731,13009,49.57130000000001,38.133500000000005,38.133500000000005
12536,40521,,38.1236,38.1236
40536,12712,53.31679999999999,38.1038,38.1038
40755,12710,49.535,38.0972,38.0972
40530,13138,49.647200000000005,38.0939,38.0939
13006,21218,46.1723,38.0906,38.0906
12636,40424,54.46190000000001,38.084,38.084
13136,40435,,38.0741,38.0741
13008,40506,45.212,38.070800000000006,38.070800000000006
40424,12518,51.2873,38.06419999999999,38.06419999999999
13002,40434,42.638,38.05760000000001,38.05760000000001
13011,21512,,38.05100000000001,38.05100000000001
40513,13011,55.3727,38.051,38.051
40405,13006,48.043400000000005,38.03779999999998,38.03779999999998
13011,21908,,38.031200000000005,38.031200000000005
21225,13010,45.83569999999999,38.01800000000001,38.01800000000001
40435,13010,51.112399999999994,38.0114,38.0114
13138,21218,45.1823,38.0048,38.0048
40903,12639,,37.9817,37.9817
13002,40406,38.8991,37.9652,37.9652
40909,12612,,37.96189999999999,37.96189999999999
40514,12904,,37.952,37.952
21208,12507,,37.952,37.952
40511,12904,,37.952,37.952
13009,21668,40.394000000000005,37.94540000000001,37.94540000000001
40909,12645,43.9052,37.9388,37.9388
12506,40521,,37.9322,37.9322
13008,40536,45.1988,37.9322,37.9322
21242,12712,43.413500000000006,37.9289,37.9289
21242,13009,45.1493,37.92889999999999,37.92889999999999
40402,12715,59.0654,37.9256,37.9256
40716,12707,49.05650000000001,37.9223,37.9223
40411,13008,,37.909099999999995,37.909099999999995
40909,12727,44.5751,37.90909999999999,37.90909999999999
13002,21610,40.394000000000005,37.905800000000006,37.905800000000006
13011,40423,,37.905800000000006,37.905800000000006
40436,13138,,37.9025,37.9025
40535,13009,,37.89920000000001,37.89920000000001
13006,21626,53.61049999999999,37.8992,37.8992
12701,40777,53.7755,37.89590000000001,37.89590000000001
40906,12629,45.3077,37.89589999999999,37.89589999999999
40536,12507,,37.892599999999995,37.892599999999995
40737,12639,,37.892599999999995,37.892599999999995
13005,40436,,37.889300000000006,37.889300000000006
40508,13008,,37.8827,37.8827
12637,40528,53.71939999999999,37.87940000000001,37.87940000000001
13010,40412,,37.86950000000001,37.86950000000001
40530,12715,46.2944,37.8695,37.8695
13136,40513,71.29190000000001,37.8629,37.8629
12715,40506,40.2092,37.856300000000005,37.856300000000005
40513,13006,55.0427,37.843099999999986,37.843099999999986
40731,13010,49.24130000000001,37.8365,37.8365
12718,40777,56.35939999999999,37.826600000000006,37.826600000000006
13138,21626,52.62049999999999,37.8134,37.8134
40528,12710,50.986999999999995,37.8134,37.8134
12701,40791,47.64740000000001,37.8101,37.8101
40438,12523,,37.8068,37.8068
12637,40424,48.5417,37.7969,37.7969
40716,13011,49.205000000000005,37.793600000000005,37.793600000000005
13023,40436,,37.787000000000006,37.787000000000006
13010,40701,,37.787000000000006,37.787000000000006
13010,40728,,37.7837,37.7837
13009,40402,41.2322,37.7837,37.7837
40526,12522,,37.78039999999999,37.78039999999999
40424,12508,46.7564,37.7771,37.7771
40405,12712,47.6276,37.7771,37.7771
21667,13138,50.6801,37.770500000000006,37.770500000000006
40506,12710,50.8979,37.770500000000006,37.770500000000006
40755,13009,49.205000000000005,37.7672,37.7672
12712,40528,,37.754000000000005,37.754000000000005
40422,12522,,37.750699999999995,37.750699999999995
12718,40791,51.1124,37.7408,37.7408
21225,13136,45.2846,37.7375,37.7375
40435,13136,50.5613,37.730900000000005,37.730900000000005
13002,40411,41.2322,37.730900000000005,37.730900000000005
12638,40436,,37.730900000000005,37.730900000000005
13002,40438,42.308,37.7276,37.7276
12715,40536,40.196,37.7177,37.7177
21242,12507,,37.7177,37.7177
12501,40521,,37.714400000000005,37.714400000000005
21225,13002,45.5057,37.707800000000006,37.707800000000006
40435,13002,50.7824,37.7012,37.7012
12628,40777,52.6172,37.69790000000001,37.69790000000001
13010,40502,,37.67810000000001,37.67810000000001
40436,12715,,37.6781,37.6781
40526,12718,53.71940000000001,37.6781,37.6781
12712,40424,,37.6715,37.6715
12707,40436,,37.668200000000006,37.668200000000006
13136,21218,61.7384,37.651700000000005,37.651700000000005
40411,12904,,37.648399999999995,37.648399999999995
40422,12718,64.59620000000001,37.648399999999995,37.648399999999995
40906,12639,,37.6451,37.6451
40521,12535,55.135099999999994,37.6418,37.6418
12904,40526,,37.63190000000001,37.63190000000001
40508,12904,,37.62200000000001,37.62200000000001
12710,21668,40.06400000000001,37.61540000000001,37.61540000000001
12510,40521,,37.6154,37.6154
12628,40791,46.48909999999999,37.6121,37.6121
12904,40511,,37.60220000000001,37.60220000000001
40535,13010,,37.6022,37.6022
40716,13006,48.875,37.58569999999998,37.58569999999998
40513,12712,54.626900000000006,37.5824,37.5824
40405,12507,,37.5659,37.5659
40731,13136,48.69020000000001,37.556,37.556
21208,13002,44.8193,37.55599999999999,37.55599999999999
13010,21213,,37.5461,37.5461
12904,40514,,37.53950000000001,37.53950000000001
12635,40777,58.6067,37.53620000000001,37.53620000000001
13011,40909,,37.52960000000001,37.52960000000001
40526,12503,,37.529599999999995,37.529599999999995
40731,13002,48.9113,37.5263,37.5263
13002,40791,39.1796,37.5263,37.5263
40424,13023,54.996500000000005,37.523,37.523
40909,12629,44.64769999999999,37.50979999999999,37.50979999999999
40422,12503,,37.4999,37.4999
12904,40508,,37.4999,37.4999
40528,13009,50.657,37.4834,37.4834
21225,12707,45.0272,37.48009999999999,37.48009999999999
21208,12522,,37.4768,37.4768
40434,12523,,37.4768,37.4768
12534,40436,,37.4735,37.4735
40435,12707,50.3039,37.4735,37.4735
40755,13010,48.875,37.4702,37.4702
13136,21626,69.1766,37.4603,37.4603
12710,40402,40.90219999999999,37.453700000000005,37.453700000000005
40514,12710,50.327,37.4504,37.4504
12635,40791,52.4786,37.4504,37.4504
40511,12710,50.327,37.4504,37.4504
13009,40434,41.978,37.4504,37.4504
12701,40908,46.987400000000015,37.4471,37.4471
12634,40777,58.346,37.44380000000001,37.44380000000001
40506,13009,50.5679,37.44050000000001,37.44050000000001
40424,13005,54.666500000000006,37.4207,37.4207
40536,12522,,37.4174,37.4174
13002,40426,39.2291,37.38439999999999,37.38439999999999
13005,40528,54.65989999999999,37.37780000000001,37.37780000000001
12718,40908,50.4524,37.3778,37.3778
21208,12718,44.4893,37.374500000000005,37.374500000000005
40521,12518,49.60760000000001,37.3745,37.3745
13008,40526,44.3111,37.37120000000001,37.37120000000001
40513,12507,,37.371199999999995,37.371199999999995
13002,40439,41.648,37.36460000000001,37.36460000000001
40737,13008,,37.3646,37.3646
40424,12638,55.494800000000005,37.3646,37.3646
40526,13027,53.3894,37.358,37.358
13009,40406,38.2391,37.358,37.358
12634,40791,52.2179,37.358,37.358
21225,13011,45.17569999999999,37.351400000000005,37.351400000000005
13010,21311,,37.344800000000006,37.344800000000006
40435,13011,50.45239999999999,37.3448,37.3448
13008,40511,44.5091,37.3415,37.3415
12537,40436,,37.3382,37.3382
12503,40436,,37.334900000000005,37.334900000000005
13002,21518,40.1795,37.334900000000005,37.334900000000005
40422,13027,64.2662,37.3283,37.3283
40716,12712,48.4592,37.325,37.325
40535,13136,,37.32170000000001,37.32170000000001
21242,13002,44.4893,37.32169999999999,37.32169999999999
13010,40403,,37.31840000000001,37.31840000000001
40536,12718,54.0626,37.3151,37.3151
13006,40506,54.452,37.311800000000005,37.311800000000005
40526,12735,53.1188,37.3052,37.3052
13009,21610,39.73400000000001,37.29860000000001,37.29860000000001
40731,12707,48.4328,37.2986,37.2986
13005,40424,49.48219999999999,37.2953,37.2953
40535,13002,,37.292,37.292
12535,40436,,37.292,37.292
40903,12523,46.541900000000005,37.2887,37.2887
13002,40422,41.318,37.28210000000001,37.28210000000001
13008,40514,44.2187,37.2788,37.2788
13023,40528,54.329899999999995,37.2755,37.2755
40422,12735,63.99560000000001,37.275499999999994,37.275499999999994
12504,40436,,37.2623,37.2623
12904,40530,,37.2623,37.2623
40909,12639,,37.25899999999999,37.25899999999999
40402,13008,,37.2491,37.2491
12628,40908,45.8291,37.2491,37.2491
12636,40777,58.016,37.242500000000014,37.242500000000014
13010,21242,,37.24250000000001,37.24250000000001
21242,12522,,37.2425,37.2425
13008,40508,44.1791,37.2392,37.2392
13138,40506,49.831999999999994,37.226,37.226
21208,12503,,37.226,37.226
12638,40528,53.0594,37.21940000000001,37.21940000000001
13010,21223,,37.2161,37.2161
40737,12523,44.03060000000001,37.1996,37.1996
13023,40424,49.15219999999999,37.193,37.193
40530,13008,,37.193,37.193
40755,13136,48.323899999999995,37.1897,37.1897
40528,13010,50.327,37.1864,37.1864
13010,21224,,37.1831,37.1831
13010,21667,,37.1831,37.1831
13006,40536,54.4388,37.1732,37.1732
40731,13011,48.581300000000006,37.169900000000005,37.169900000000005
40536,12503,,37.1666,37.1666
13002,40908,38.5196,37.16330000000001,37.16330000000001
40755,13002,48.545,37.16,37.16
12715,40526,39.3083,37.15670000000001,37.15670000000001
12707,40528,,37.15670000000001,37.15670000000001
12636,40791,51.8879,37.156699999999994,37.156699999999994
40411,12710,56.356100000000005,37.146800000000006,37.146800000000006
13027,40521,,37.1468,37.1468
13011,40906,,37.14350000000001,37.14350000000001
40506,13010,50.2379,37.1435,37.1435
21225,13006,44.845699999999994,37.14349999999999,37.14349999999999
21242,12718,44.1593,37.14020000000001,37.14020000000001
12536,40436,,37.14020000000001,37.14020000000001
12638,40424,47.881699999999995,37.1369,37.1369
40435,13006,50.12239999999999,37.13689999999998,37.13689999999998
13009,40411,40.572199999999995,37.1237,37.1237
40508,12710,49.99699999999999,37.1204,37.1204
40511,13009,49.99699999999999,37.1204,37.1204
12710,40434,41.648,37.1204,37.1204
13009,40438,41.648,37.1204,37.1204
40514,13009,49.99699999999999,37.1204,37.1204
40906,13008,,37.11709999999999,37.11709999999999
40716,12507,,37.1138,37.1138
40737,12904,,37.1039,37.1039
13002,21512,39.849500000000006,37.0973,37.0973
40405,12522,,37.0907,37.0907
12635,40908,51.8186,37.0874,37.0874
13138,40536,49.8188,37.0874,37.0874
40521,12508,42.1892,37.0874,37.0874
40526,12612,,37.087399999999995,37.087399999999995
12707,40424,,37.0742,37.0742
40526,12645,52.1189,37.06430000000001,37.06430000000001
12715,40514,39.2159,37.0643,37.0643
12904,40426,,37.0643,37.0643
40535,12707,,37.0643,37.0643
40422,12612,,37.0577,37.0577
21208,13027,44.1593,37.0544,37.0544
40749,12710,,37.03790000000001,37.03790000000001
40422,12645,60.7715,37.034600000000005,37.034600000000005
40526,12727,52.788799999999995,37.0346,37.0346
12710,40406,37.909099999999995,37.028,37.028
21610,13138,46.7201,37.02470000000001,37.02470000000001
12715,40508,39.1763,37.0247,37.0247
13011,22002,,37.01810000000001,37.01810000000001
21512,13138,46.8323,37.01480000000001,37.01480000000001
13010,21208,,37.00820000000001,37.00820000000001
40422,12727,63.66560000000001,37.0049,37.0049
13008,40530,44.3045,37.0016,37.0016
40436,13008,,37.0016,37.0016
21208,12735,43.8887,37.0016,37.0016
12634,40908,51.5579,36.995000000000005,36.995000000000005
40536,13027,53.732600000000005,36.995000000000005,36.995000000000005
21242,12503,,36.9917,36.9917
40405,12718,48.37340000000001,36.988400000000006,36.988400000000006
40402,12904,,36.9884,36.9884
13011,40702,,36.96860000000001,36.96860000000001
12710,21610,39.404,36.96860000000001,36.96860000000001
12534,40528,52.7294,36.96200000000001,36.96200000000001
40731,13006,48.25130000000001,36.96199999999998,36.96199999999998
12637,40777,51.2972,36.95540000000001,36.95540000000001
13002,40423,40.988,36.95210000000001,36.95210000000001
40906,12523,43.7006,36.9521,36.9521
12506,40436,,36.9488,36.9488
40424,21517,44.7302,36.9422,36.9422
40536,12735,53.462,36.9422,36.9422
13010,21517,,36.93560000000001,36.93560000000001
40535,13011,,36.9356,36.9356
40530,12904,,36.932300000000005,36.932300000000005
40755,12707,48.066500000000005,36.9323,36.9323
13009,40791,38.5196,36.91909999999999,36.91909999999999
40528,13136,49.7759,36.9059,36.9059
13011,40737,,36.896000000000015,36.896000000000015
40513,12522,,36.896,36.896
21225,12712,44.4299,36.8828,36.8828
13011,21225,,36.879500000000014,36.879500000000014
12534,40424,47.5517,36.8795,36.8795
40528,13002,49.99699999999999,36.8762,36.8762
40435,12712,49.706599999999995,36.8762,36.8762
13136,40506,70.3019,36.8729,36.8729
12637,40791,45.1691,36.8696,36.8696
40506,13136,49.686800000000005,36.86300000000001,36.86300000000001
40906,12904,,36.856399999999994,36.856399999999994
12715,40511,39.5063,36.849799999999995,36.849799999999995
40405,12503,,36.8399,36.8399
40506,13002,49.9079,36.8333,36.8333
40521,13023,53.31680000000001,36.833299999999994,36.833299999999994
40439,13138,66.02180000000001,36.83000000000001,36.83000000000001
12712,40777,,36.83000000000001,36.83000000000001
12537,40528,52.39940000000001,36.8267,36.8267
40514,13010,49.666999999999994,36.8234,36.8234
12503,40528,52.0562,36.8234,36.8234
40511,13010,49.666999999999994,36.8234,36.8234
21242,13027,43.8293,36.8201,36.8201
40411,13009,56.02610000000001,36.81680000000001,36.81680000000001
40755,13011,48.215,36.8036,36.8036
13008,40426,41.2091,36.8036,36.8036
40513,12718,55.3727,36.7937,36.7937
12710,40411,40.2422,36.7937,36.7937
12636,40908,51.2279,36.793699999999994,36.793699999999994
12710,40438,41.318,36.790400000000005,36.790400000000005
40508,13009,49.666999999999994,36.790400000000005,36.790400000000005
21512,12715,43.4795,36.7904,36.7904
12715,40530,39.3017,36.787099999999995,36.787099999999995
21208,12612,,36.7838,36.7838
12535,40528,51.7394,36.7805,36.7805
21518,13138,46.502300000000005,36.77720000000001,36.77720000000001
13011,40731,,36.77720000000001,36.77720000000001
13009,40426,38.5691,36.77719999999999,36.77719999999999
13010,21335,,36.7739,36.7739
21242,12735,43.5587,36.767300000000006,36.767300000000006
13011,20901,,36.767300000000006,36.767300000000006
21208,12645,42.8888,36.76070000000001,36.76070000000001
13009,40439,40.988,36.7574,36.7574
21225,13008,,36.754099999999994,36.754099999999994
12504,40528,54.9635,36.750800000000005,36.750800000000005
12537,40424,47.221700000000006,36.7442,36.7442
12712,40791,,36.74419999999999,36.74419999999999
12503,40424,46.878499999999995,36.7409,36.7409
40436,12904,,36.7409,36.7409
13136,40536,70.2887,36.734300000000005,36.734300000000005
12701,40535,58.616600000000005,36.7343,36.7343
12501,40436,,36.731,36.731
21208,12727,43.5587,36.731,36.731
40909,13008,,36.730999999999995,36.730999999999995
40521,13005,52.9868,36.730999999999995,36.730999999999995
13009,21518,39.5195,36.727700000000006,36.727700000000006
40535,13006,,36.727699999999984,36.727699999999984
40536,12612,,36.7244,36.7244
40749,13009,,36.7079,36.7079
12523,40521,,36.704600000000006,36.704600000000006
40424,12637,54.8348,36.7046,36.7046
40536,12645,52.46210000000001,36.70130000000001,36.70130000000001
40731,12712,47.8355,36.7013,36.7013
12535,40424,46.5617,36.698,36.698
13011,21671,,36.688100000000006,36.688100000000006
13009,40422,40.658,36.67490000000001,36.67490000000001
40521,12638,53.815099999999994,36.674899999999994,36.674899999999994
13010,40710,,36.67160000000001,36.67160000000001
40536,12727,53.132000000000005,36.6716,36.6716
21225,12507,,36.6716,36.6716
40405,13027,48.043400000000005,36.6683,36.6683
12504,40424,47.0897,36.668299999999995,36.668299999999995
40435,12507,,36.665,36.665
12718,40535,62.081599999999995,36.665,36.665
12629,40521,,36.6551,36.6551
12904,21668,,36.6518,36.6518
40528,12707,49.5185,36.6485,36.6485
40513,12503,,36.6452,36.6452
40716,12522,,36.6386,36.6386
40526,12629,52.8614,36.6353,36.6353
12510,40436,,36.632000000000005,36.632000000000005
12536,40528,52.0694,36.62870000000001,36.62870000000001
40405,12735,47.7728,36.6155,36.6155
13006,40526,53.5511,36.61220000000001,36.61220000000001
40506,12707,49.4294,36.6056,36.6056
40422,12629,63.738200000000006,36.6056,36.6056
40439,12715,62.669,36.6056,36.6056
40755,13006,47.885000000000005,36.59569999999999,36.59569999999999
12710,40791,38.1896,36.589099999999995,36.589099999999995
13006,40511,53.7491,36.5825,36.5825
13002,40909,42.898700000000005,36.5759,36.5759
40909,12523,43.040600000000005,36.565999999999995,36.565999999999995
13002,21218,39.2357,36.5594,36.5594
21916,40436,,36.5594,36.5594
13009,40908,37.8596,36.5561,36.5561
21518,12715,43.1495,36.5528,36.5528
21242,12612,,36.5495,36.5495
12536,40424,46.89170000000001,36.5462,36.5462
40511,13136,49.1159,36.5429,36.5429
40514,13136,49.1159,36.5429,36.5429
40749,13008,,36.54289999999999,36.54289999999999
40716,12718,49.205000000000005,36.5363,36.5363
12628,40535,57.45829999999999,36.5363,36.5363
21242,12645,42.558800000000005,36.52640000000001,36.52640000000001
13138,40526,48.9311,36.5264,36.5264
13006,40514,53.4587,36.5198,36.5198
40528,13011,49.666999999999994,36.5198,36.5198
40411,13010,55.69610000000001,36.5198,36.5198
40514,13002,49.337,36.513200000000005,36.513200000000005
40511,13002,49.337,36.513200000000005,36.513200000000005
12637,40908,44.5091,36.5066,36.5066
40423,13138,65.6918,36.500000000000014,36.500000000000014
40438,12535,,36.5,36.5
21242,12727,43.2287,36.4967,36.4967
13138,40511,49.129099999999994,36.4967,36.4967
40508,13010,49.337,36.4934,36.4934
21225,12904,,36.493399999999994,36.493399999999994
13009,21512,39.1895,36.490100000000005,36.490100000000005
40731,12507,,36.4901,36.4901
12904,40402,,36.4901,36.4901
40402,12710,57.0326,36.4868,36.4868
13006,40508,53.41909999999999,36.4802,36.4802
40506,13011,49.5779,36.4769,36.4769
40513,13027,55.0427,36.473600000000005,36.473600000000005
40909,12904,,36.470299999999995,36.470299999999995
40535,12712,,36.467,36.467
21628,13138,50.2445,36.4637,36.4637
13005,40777,52.2377,36.453800000000015,36.453800000000015
12710,40426,38.23909999999999,36.447199999999995,36.447199999999995
12701,40435,,36.4373,36.4373
12506,40528,51.3962,36.4373,36.4373
13138,40514,48.8387,36.434000000000005,36.434000000000005
40530,12710,44.2616,36.4307,36.4307
12710,40439,40.657999999999994,36.427400000000006,36.427400000000006
40513,12735,54.7721,36.4208,36.4208
40749,13010,,36.410900000000005,36.410900000000005
12710,21518,39.1895,36.39770000000001,36.39770000000001
40405,12612,,36.3977,36.3977
13138,40508,48.7991,36.394400000000005,36.394400000000005
13008,21668,43.034000000000006,36.3911,36.3911
40716,12503,,36.3878,36.3878
40526,12639,,36.3845,36.3845
12712,40908,,36.3812,36.3812
21668,13138,46.0601,36.37790000000001,36.37790000000001
40405,12645,46.7729,36.37460000000001,36.37460000000001
12635,40535,63.4478,36.3746,36.3746
40420,13138,58.9598,36.36800000000001,36.36800000000001
13005,40791,46.1096,36.368,36.368
12718,40435,,36.368,36.368
13010,40537,,36.35810000000001,36.35810000000001
40422,12639,,36.3548,36.3548
12506,40424,46.2185,36.3548,36.3548
13023,40777,51.9077,36.35150000000001,36.35150000000001
12710,40422,40.328,36.34490000000001,36.34490000000001
13009,40423,40.328,36.34490000000001,36.34490000000001
40405,12727,47.4428,36.3449,36.3449
40755,12712,47.46920000000001,36.334999999999994,36.334999999999994
21208,12629,43.6313,36.331700000000005,36.331700000000005
40528,13006,49.337,36.31189999999999,36.31189999999999
13011,40744,,36.308600000000006,36.308600000000006
12638,40777,50.63719999999999,36.295400000000015,36.295400000000015
40514,12707,48.8585,36.2855,36.2855
40511,12707,48.8585,36.2855,36.2855
40749,12904,,36.2822,36.2822
12634,40535,63.1871,36.2822,36.2822
40423,12715,62.339,36.2756,36.2756
40536,12629,53.204600000000006,36.2723,36.2723
40424,12708,48.842000000000006,36.269,36.269
40506,13006,49.2479,36.268999999999984,36.268999999999984
13023,40791,45.7796,36.265699999999995,36.265699999999995
13011,21602,,36.25580000000001,36.25580000000001
40535,12507,,36.2558,36.2558
40521,21517,44.7863,36.252500000000005,36.252500000000005
13006,40530,51.072799999999994,36.2426,36.2426
40411,13136,55.14500000000001,36.23930000000001,36.23930000000001
12628,40435,,36.23930000000001,36.23930000000001
40436,12710,,36.23930000000001,36.23930000000001
21628,12715,46.89170000000001,36.2393,36.2393
12707,40777,,36.23270000000001,36.23270000000001
40438,12518,,36.232699999999994,36.232699999999994
21907,40436,,36.229400000000005,36.229400000000005
13008,40402,43.8722,36.2294,36.2294
12701,40513,52.689800000000005,36.2261,36.2261
12710,40908,37.529599999999995,36.226099999999995,36.226099999999995
13011,21640,,36.22280000000001,36.22280000000001
12501,40528,54.432199999999995,36.2195,36.2195
40716,13027,48.875,36.2162,36.2162
40508,13136,48.7859,36.212900000000005,36.212900000000005
12638,40791,44.5091,36.2096,36.2096
40411,13002,55.36610000000001,36.2096,36.2096
40513,12612,,36.203,36.203
21225,12522,,36.1964,36.1964
13002,40906,42.2387,36.18980000000001,36.18980000000001
40435,12522,,36.1898,36.1898
40508,13002,49.007,36.18320000000001,36.18320000000001
40513,12645,53.772200000000005,36.1799,36.1799
12715,21668,38.031200000000005,36.1766,36.1766
13010,22010,,36.173300000000005,36.173300000000005
13136,40526,69.40100000000001,36.173300000000005,36.173300000000005
40424,12703,48.746300000000005,36.17329999999999,36.17329999999999
40434,12535,,36.169999999999995,36.169999999999995
40716,12735,48.604400000000005,36.1634,36.1634
13027,40436,,36.1634,36.1634
12710,21512,38.8595,36.16010000000001,36.16010000000001
12904,40434,,36.1568,36.1568
13138,40530,48.924499999999995,36.1568,36.1568
40514,13011,49.007,36.1568,36.1568
12718,40513,56.154799999999994,36.1568,36.1568
40511,13011,49.007,36.1568,36.1568
40424,21630,,36.1568,36.1568
40402,13009,56.7026,36.1568,36.1568
13011,40716,,36.15350000000001,36.15350000000001
40513,12727,54.4421,36.1502,36.1502
21665,13138,49.5416,36.14690000000001,36.14690000000001
12707,40791,,36.1469,36.1469
13136,40511,69.599,36.143600000000006,36.143600000000006
40420,12715,55.607000000000006,36.1436,36.1436
12501,40424,46.558400000000006,36.137,36.137
21937,40436,,36.133700000000005,36.133700000000005
40749,13136,,36.1304,36.1304
40755,12507,,36.1238,36.1238
12510,40528,45.122899999999994,36.12050000000001,36.12050000000001
13011,40718,,36.1172,36.1172
21512,13008,,36.113899999999994,36.113899999999994
40530,13009,43.9316,36.1007,36.1007
40749,13002,,36.1007,36.1007
21242,12629,43.301300000000005,36.09740000000001,36.09740000000001
40426,13138,52.8383,36.09410000000001,36.09410000000001
21225,12718,45.17569999999999,36.094100000000005,36.094100000000005
40435,12718,50.45239999999999,36.0875,36.0875
13136,40514,69.30860000000001,36.08090000000001,36.08090000000001
12636,40535,62.8571,36.0809,36.0809
21208,12639,,36.0809,36.0809
12635,40435,,36.0776,36.0776
13002,22002,39.73400000000001,36.064400000000006,36.064400000000006
12904,40406,,36.0644,36.0644
40758,13138,,36.0611,36.0611
40528,12712,48.9212,36.051199999999994,36.051199999999994
13006,40426,44.3474,36.0446,36.0446
13136,40508,69.269,36.04130000000001,36.04130000000001
12534,40777,50.307199999999995,36.03800000000001,36.03800000000001
12510,40424,39.9452,36.038,36.038
12628,40513,51.53149999999999,36.02810000000001,36.02810000000001
40536,12639,,36.0215,36.0215
12710,40423,39.998,36.014900000000004,36.014900000000004
12701,21218,43.6478,36.014900000000004,36.014900000000004
13002,40702,40.229,36.014900000000004,36.014900000000004
40731,12522,,36.0149,36.0149
40521,12637,53.15509999999999,36.0149,36.0149
12715,40402,38.8694,36.0149,36.0149
12639,40521,,36.0116,36.0116
40506,12712,48.8321,36.0083,36.0083
40406,13138,53.6798,36.00500000000001,36.00500000000001
12904,21610,,36.00500000000001,36.00500000000001
13005,40908,45.4496,36.005,36.005
13010,21675,,35.98850000000001,35.98850000000001
12634,40435,,35.9852,35.9852
40411,12707,54.8876,35.9819,35.9819
40903,12535,50.089400000000005,35.981899999999996,35.981899999999996
13011,40705,,35.97860000000001,35.97860000000001
40424,12701,53.7755,35.9786,35.9786
13009,40909,42.2387,35.968700000000005,35.968700000000005
40424,12628,53.5148,35.96209999999999,35.96209999999999
13138,40426,43.3574,35.958800000000004,35.958800000000004
40508,12707,48.5285,35.95550000000001,35.95550000000001
13009,21218,38.575700000000005,35.952200000000005,35.952200000000005
12534,40791,44.1791,35.9522,35.9522
40514,13006,48.67699999999999,35.94889999999999,35.94889999999999
40511,13006,48.67699999999999,35.94889999999999,35.94889999999999
40405,12629,47.5154,35.945600000000006,35.945600000000006
40438,12508,,35.945600000000006,35.945600000000006
12718,21218,44.4992,35.945600000000006,35.945600000000006
40716,12612,,35.9456,35.9456
21225,12503,,35.94559999999999,35.94559999999999
13002,40737,41.9087,35.94230000000001,35.94230000000001
40435,12503,,35.939,35.939
40439,13008,,35.9291,35.9291
13002,21225,43.0901,35.92580000000001,35.92580000000001
40418,13138,53.1683,35.92250000000001,35.92250000000001
40716,12645,47.6045,35.92250000000001,35.92250000000001
40731,12718,48.581300000000006,35.9126,35.9126
40436,13009,,35.9093,35.9093
13010,21637,,35.906000000000006,35.906000000000006
12537,40777,49.9772,35.90270000000001,35.90270000000001
13023,40908,45.119600000000005,35.9027,35.9027
40434,12518,,35.902699999999996,35.902699999999996
12503,40777,49.63399999999999,35.89940000000001,35.89940000000001
13008,40434,44.618,35.896100000000004,35.896100000000004
13010,21628,,35.89280000000001,35.89280000000001
40716,12727,48.27440000000001,35.8928,35.8928
40737,12535,47.5781,35.892799999999994,35.892799999999994
21534,13138,51.5381,35.87630000000001,35.87630000000001
21518,13008,,35.87629999999999,35.87629999999999
40749,12707,,35.873000000000005,35.873000000000005
40426,12715,49.48549999999999,35.8697,35.8697
12635,40513,57.521,35.866400000000006,35.866400000000006
40402,13010,56.372600000000006,35.8598,35.8598
12703,40521,,35.8598,35.8598
40424,12614,55.7918,35.85979999999999,35.85979999999999
12535,40777,49.31719999999999,35.85650000000001,35.85650000000001
40411,13011,55.036100000000005,35.8532,35.8532
21512,12904,,35.8532,35.8532
21242,12639,,35.8466,35.8466
12638,40908,43.8491,35.8466,35.8466
40528,12507,,35.839999999999996,35.839999999999996
40758,12715,,35.83670000000001,35.83670000000001
12904,40411,,35.8301,35.8301
12504,40777,51.8648,35.826800000000006,35.826800000000006
40508,13011,48.67699999999999,35.826800000000006,35.826800000000006
12904,40438,,35.826800000000006,35.826800000000006
21208,13008,,35.82679999999999,35.82679999999999
13002,40731,41.578700000000005,35.82350000000001,35.82350000000001
12701,21626,51.08599999999998,35.823499999999996,35.823499999999996
12628,21218,44.3441,35.81690000000001,35.81690000000001
12537,40791,43.84910000000001,35.8169,35.8169
40502,13138,50.1026,35.81360000000001,35.81360000000001
12503,40791,43.5059,35.813599999999994,35.813599999999994
13010,21649,,35.803700000000006,35.803700000000006
40530,13010,43.6016,35.8037,35.8037
13008,40406,40.8791,35.8037,35.8037
13136,40530,66.6389,35.8037,35.8037
40506,12507,,35.7971,35.7971
12637,40535,56.13829999999999,35.793800000000005,35.793800000000005
12707,40908,,35.7839,35.7839
12636,40435,,35.7839,35.7839
40406,12715,50.327000000000005,35.78060000000001,35.78060000000001
40535,12522,,35.7806,35.7806
21225,13027,44.845699999999994,35.77400000000001,35.77400000000001
12634,40513,57.2603,35.77400000000001,35.77400000000001
12535,40791,43.1891,35.7707,35.7707
40435,13027,50.12239999999999,35.7674,35.7674
40731,12503,,35.76409999999999,35.76409999999999
12718,21626,51.9374,35.7542,35.7542
40513,12629,54.51469999999999,35.7509,35.7509
21938,40436,,35.7443,35.7443
13008,21610,42.374,35.7443,35.7443
40749,13011,,35.7443,35.7443
12504,40791,47.2877,35.741,35.741
13002,21671,39.404,35.73440000000001,35.73440000000001
12523,40436,,35.7212,35.7212
21225,12735,44.5751,35.7212,35.7212
40903,12518,44.56190000000001,35.7146,35.7146
40435,12735,49.8518,35.7146,35.7146
40424,21604,,35.7113,35.7113
12536,40777,49.64719999999999,35.70470000000001,35.70470000000001
40418,12715,49.81549999999999,35.698100000000004,35.698100000000004
40405,12639,,35.6948,35.6948
40526,12523,51.254300000000015,35.691500000000005,35.691500000000005
40438,13023,,35.6915,35.6915
40514,12712,48.261199999999995,35.6882,35.6882
40511,12712,48.261199999999995,35.6882,35.6882
12715,40434,39.6152,35.6816,35.6816
40535,12718,,35.6783,35.6783
40777,13138,51.0002,35.675000000000004,35.675000000000004
12629,40436,,35.6717,35.6717
12712,40535,,35.668400000000005,35.668400000000005
40439,12904,,35.6684,35.6684
40422,12523,59.4515,35.66180000000001,35.66180000000001
12635,21218,47.9675,35.65520000000001,35.65520000000001
21534,12715,48.18529999999999,35.651900000000005,35.651900000000005
13027,40528,53.9999,35.6519,35.6519
13011,21228,,35.64860000000001,35.64860000000001
40755,12522,,35.648599999999995,35.648599999999995
40906,12535,47.2481,35.6453,35.6453
40411,13006,54.706100000000006,35.645299999999985,35.645299999999985
12710,40909,41.9087,35.63870000000001,35.63870000000001
13006,21668,51.2774,35.63210000000001,35.63210000000001
12628,21626,51.78229999999999,35.6255,35.6255
40737,12518,42.0506,35.625499999999995,35.625499999999995
12710,21218,38.24570000000001,35.6222,35.6222
12536,40791,43.51910000000001,35.618900000000004,35.618900000000004
40508,13006,48.346999999999994,35.61889999999999,35.61889999999999
40434,12508,,35.6156,35.6156
21518,12904,,35.6156,35.6156
40436,13010,,35.612300000000005,35.612300000000005
13136,40426,59.9135,35.605700000000006,35.605700000000006
40424,12621,52.95709999999998,35.59909999999999,35.59909999999999
40423,13008,,35.59909999999999,35.59909999999999
21229,13138,,35.59250000000001,35.59250000000001
40731,13027,48.25130000000001,35.5925,35.5925
21242,13008,,35.592499999999994,35.592499999999994
40502,12715,46.7498,35.589200000000005,35.589200000000005
12534,40908,43.5191,35.5892,35.5892
12715,40406,35.8763,35.5892,35.5892
40438,13005,,35.5892,35.5892
40424,12609,53.1848,35.585899999999995,35.585899999999995
13009,40906,41.578700000000005,35.58260000000001,35.58260000000001
40402,13136,55.82150000000001,35.5793,35.5793
40521,12708,47.1623,35.579299999999996,35.579299999999996
12636,40513,56.9303,35.572700000000005,35.572700000000005
13027,40424,46.9874,35.5694,35.5694
13008,40411,43.2122,35.5694,35.5694
13008,40438,44.288,35.5661,35.5661
21208,12904,,35.5661,35.5661
12634,21218,47.706799999999994,35.5628,35.5628
40402,13002,56.0426,35.549600000000005,35.549600000000005
13138,21668,47.654,35.5463,35.5463
40755,12718,48.215,35.5463,35.5463
40731,12735,47.9807,35.539699999999996,35.539699999999996
40438,21908,,35.53639999999999,35.53639999999999
40749,13006,,35.536399999999986,35.536399999999986
40424,12636,53.1848,35.5331,35.5331
40438,12638,,35.5331,35.5331
12715,21610,37.37120000000001,35.5298,35.5298
40535,12503,,35.529799999999994,35.529799999999994
40530,13136,43.0505,35.5232,35.5232
12506,40777,48.974,35.51330000000001,35.51330000000001
40424,21534,,35.5133,35.5133
21225,12612,,35.503400000000006,35.503400000000006
40513,12639,,35.5001,35.5001
13010,21627,,35.5001,35.5001
12904,40903,,35.5001,35.5001
13010,21650,,35.5001,35.5001
13011,21940,,35.5001,35.5001
40435,12612,,35.4968,35.4968
12637,40435,,35.4968,35.4968
40716,12629,48.346999999999994,35.4935,35.4935
40530,13002,43.2716,35.4935,35.4935
13010,21508,,35.4902,35.4902
40521,12703,47.066599999999994,35.483599999999996,35.483599999999996
21225,12645,43.5752,35.48030000000001,35.48030000000001
21667,13010,44.6345,35.4803,35.4803
40514,12507,,35.477000000000004,35.477000000000004
40511,12507,,35.477000000000004,35.477000000000004
40435,12645,48.85190000000001,35.47370000000001,35.47370000000001
21665,12715,46.4858,35.473699999999994,35.473699999999994
13006,40402,52.59739999999999,35.4704,35.4704
40521,21630,,35.4671,35.4671
40420,13008,,35.467099999999995,35.467099999999995
12904,40439,,35.463800000000006,35.463800000000006
12635,21626,55.40569999999999,35.46379999999999,35.46379999999999
13009,22002,39.074000000000005,35.45720000000001,35.45720000000001
12537,40908,43.1891,35.453900000000004,35.453900000000004
40777,12715,47.64739999999999,35.45060000000001,35.45060000000001
21225,12727,44.245099999999994,35.45060000000001,35.45060000000001
12503,40908,42.8459,35.450599999999994,35.450599999999994
40435,12727,49.521800000000006,35.444,35.444
13010,21514,,35.44070000000001,35.44070000000001
12904,21518,,35.4341,35.4341
40903,12508,39.110299999999995,35.42750000000001,35.42750000000001
12506,40791,42.8459,35.427499999999995,35.427499999999995
13009,40702,39.569,35.407700000000006,35.407700000000006
12535,40908,42.52910000000001,35.407700000000006,35.407700000000006
40702,13138,51.581,35.40110000000001,35.40110000000001
40755,12503,,35.3978,35.3978
21208,12523,42.02420000000001,35.3879,35.3879
40411,12712,54.2903,35.384600000000006,35.384600000000006
13138,40402,48.4922,35.3846,35.3846
12904,40422,,35.38130000000001,35.38130000000001
40424,21614,,35.3813,35.3813
12504,40908,46.6277,35.378,35.378
40906,12518,41.720600000000005,35.378,35.378
13010,21659,,35.374700000000004,35.374700000000004
12712,40435,,35.3714,35.3714
12634,21626,55.145,35.371399999999994,35.371399999999994
21229,12715,,35.368100000000005,35.368100000000005
40528,12522,,35.3648,35.3648
12636,21218,47.3768,35.36150000000001,35.36150000000001
40434,13023,,35.36149999999999,35.36149999999999
40508,12712,47.9312,35.358200000000004,35.358200000000004
40535,13027,,35.358200000000004,35.358200000000004
40424,12635,52.88120000000001,35.3582,35.3582
13002,40744,41.3609,35.35490000000001,35.35490000000001
12715,40411,38.2094,35.3549,35.3549
21512,12710,41.4467,35.351600000000005,35.351600000000005
12715,40438,39.2852,35.351600000000005,35.351600000000005
40424,21515,39.1598,35.3483,35.3483
21937,13138,44.7929,35.3483,35.3483
21628,13008,,35.348299999999995,35.348299999999995
40423,12904,,35.33839999999999,35.33839999999999
13009,40737,41.2487,35.33510000000001,35.33510000000001
40436,13136,,35.3318,35.3318
40424,12605,52.8548,35.331799999999994,35.331799999999994
40424,12634,52.8548,35.331799999999994,35.331799999999994
21242,12904,,35.331799999999994,35.331799999999994
40536,12523,51.5975,35.328500000000005,35.328500000000005
40506,12522,,35.3219,35.3219
40731,12612,,35.3219,35.3219
40402,12707,55.5641,35.3219,35.3219
13009,21225,42.4301,35.31860000000001,35.31860000000001
13010,21620,,35.312000000000005,35.312000000000005
12727,40521,,35.312000000000005,35.312000000000005
40424,12709,47.885000000000005,35.312,35.312
40535,12735,,35.3054,35.3054
13002,21602,,35.30210000000001,35.30210000000001
40436,13002,,35.3021,35.3021
40731,12645,46.9808,35.29880000000001,35.29880000000001
12501,40777,51.3335,35.295500000000004,35.295500000000004
13005,40535,57.0788,35.2922,35.2922
21937,40528,39.041,35.292199999999994,35.292199999999994
40521,12701,52.0958,35.2889,35.2889
12637,40513,50.21149999999999,35.2856,35.2856
13010,40715,,35.282300000000006,35.282300000000006
13010,40757,,35.282300000000006,35.282300000000006
12708,40521,,35.27900000000001,35.27900000000001
40749,12712,,35.2757,35.2757
40521,12628,51.83509999999999,35.27239999999999,35.27239999999999
13002,21640,40.42040000000001,35.26910000000001,35.26910000000001
40731,12727,47.6507,35.2691,35.2691
40530,12707,42.7931,35.2658,35.2658
40528,12718,49.666999999999994,35.2625,35.2625
40909,12535,46.5881,35.25919999999999,35.25919999999999
40434,13005,,35.25919999999999,35.25919999999999
12536,40908,42.859100000000005,35.255900000000004,35.255900000000004
12710,40906,41.2487,35.252600000000015,35.252600000000015
40716,12639,,35.2427,35.2427
13008,40903,38.648300000000006,35.2394,35.2394
13011,40755,,35.23610000000001,35.23610000000001
12701,40506,51.6998,35.2361,35.2361
13011,21661,,35.23280000000001,35.23280000000001
21630,13138,50.8781,35.232800000000005,35.232800000000005
13010,40420,,35.22950000000001,35.22950000000001
40755,13027,47.885000000000005,35.226200000000006,35.226200000000006
40908,13138,51.7295,35.2196,35.2196
40506,12718,49.5779,35.2196,35.2196
13009,40731,40.9187,35.216300000000004,35.216300000000004
13010,21618,,35.21300000000001,35.21300000000001
12501,40791,46.7564,35.2097,35.2097
12523,40528,,35.2097,35.2097
40434,21908,,35.2064,35.2064
40420,12904,,35.206399999999995,35.206399999999995
13008,40439,43.628,35.203100000000006,35.203100000000006
40434,12638,,35.2031,35.2031
13002,40716,40.955,35.19980000000001,35.19980000000001
21667,13136,44.0834,35.1998,35.1998
12612,40521,,35.1998,35.1998
12510,40777,42.700700000000005,35.196500000000015,35.196500000000015
12904,21512,,35.1965,35.1965
13136,21668,66.8435,35.193200000000004,35.193200000000004
40402,13011,55.7126,35.193200000000004,35.193200000000004
40426,13008,,35.1932,35.1932
13023,40535,56.7488,35.1899,35.1899
40702,12715,48.22819999999999,35.1767,35.1767
13008,21518,42.1595,35.1734,35.1734
40903,13023,48.2711,35.1734,35.1734
40755,12735,47.6144,35.1734,35.1734
40411,12507,,35.1734,35.1734
12636,21626,54.81499999999999,35.170100000000005,35.170100000000005
40521,12614,54.11209999999999,35.17009999999999,35.17009999999999
40439,12710,60.636199999999995,35.16680000000001,35.16680000000001
12718,40506,55.16479999999999,35.16680000000001,35.16680000000001
12712,40513,,35.1602,35.1602
12629,40528,56.3759,35.1602,35.1602
40758,13008,,35.160199999999996,35.160199999999996
21242,12523,41.69420000000001,35.15360000000001,35.15360000000001
12715,40791,36.1568,35.150299999999994,35.150299999999994
40508,12507,,35.147,35.147
21667,12715,47.3273,35.143699999999995,35.143699999999995
13006,40434,53.858,35.137100000000004,35.137100000000004
40530,13011,42.9416,35.137100000000004,35.137100000000004
12638,40535,55.4783,35.1338,35.1338
12523,40424,,35.1272,35.1272
13009,21671,38.74400000000001,35.1272,35.1272
12710,22002,38.74400000000001,35.1272,35.1272
13010,21665,,35.1206,35.1206
13008,40422,43.298,35.1206,35.1206
40424,22202,43.7699,35.1173,35.1173
21518,12710,41.1167,35.114000000000004,35.114000000000004
40528,12503,,35.114,35.114
13010,21658,,35.11070000000001,35.11070000000001
40438,21517,,35.11070000000001,35.11070000000001
12510,40791,36.5726,35.110699999999994,35.110699999999994
12701,40536,51.686600000000006,35.0975,35.0975
40535,12612,,35.0876,35.0876
21628,12904,,35.087599999999995,35.087599999999995
40737,13023,45.75979999999999,35.0843,35.0843
12710,40702,39.239,35.07770000000001,35.07770000000001
12629,40424,48.502100000000006,35.0777,35.0777
12637,21218,43.0241,35.07440000000001,35.07440000000001
40436,12707,,35.074400000000004,35.074400000000004
40903,13005,47.9411,35.0711,35.0711
12707,40535,,35.0711,35.0711
40506,12503,,35.0711,35.0711
40535,12645,,35.06450000000001,35.06450000000001
40749,12507,,35.064499999999995,35.064499999999995
12506,40908,42.1859,35.064499999999995,35.064499999999995
21225,12629,44.317699999999995,35.051300000000005,35.051300000000005
12904,40423,,35.051300000000005,35.051300000000005
13138,40434,49.238,35.0513,35.0513
40435,12629,49.59439999999999,35.044700000000006,35.044700000000006
13006,40406,50.1191,35.0447,35.0447
12735,40521,,35.04140000000001,35.04140000000001
12628,40506,50.541499999999985,35.03810000000001,35.03810000000001
40535,12727,,35.034800000000004,35.034800000000004
13136,40402,68.1635,35.0315,35.0315
12639,40436,,35.0282,35.0282
12718,40536,55.151599999999995,35.0282,35.0282
13011,22020,,35.0282,35.0282
13002,40705,41.0309,35.0249,35.0249
21512,13009,41.1167,35.0216,35.0216
40521,21604,,35.0216,35.0216
40418,13008,,35.02159999999999,35.02159999999999
40903,12638,48.769400000000005,35.015,35.015
40438,21940,,35.011700000000005,35.011700000000005
21630,12715,47.525299999999994,35.0084,35.0084
12715,40426,36.2063,35.00839999999999,35.00839999999999
12710,40737,40.918699999999994,35.00510000000001,35.00510000000001
40514,12522,,35.0018,35.0018
40405,12523,45.90830000000001,35.0018,35.0018
40511,12522,,35.0018,35.0018
40424,12613,52.524800000000006,35.001799999999996,35.001799999999996
13005,40435,,34.9952,34.9952
40908,12715,48.37670000000001,34.9952,34.9952
40909,12518,41.0606,34.991899999999994,34.991899999999994
12710,21225,42.100100000000005,34.98860000000001,34.98860000000001
12715,40439,38.6252,34.988600000000005,34.988600000000005
13006,21610,50.6174,34.98530000000001,34.98530000000001
40402,13006,55.3826,34.98529999999998,34.98529999999998
13010,21648,,34.982,34.982
40737,13005,45.42979999999999,34.98199999999999,34.98199999999999
21534,13008,,34.97539999999999,34.97539999999999
12609,40521,,34.965500000000006,34.965500000000006
21938,13138,44.1329,34.95890000000001,34.95890000000001
13138,40406,45.4991,34.9589,34.9589
12715,21518,37.15670000000001,34.9589,34.9589
40755,12612,,34.955600000000004,34.955600000000004
12712,21218,,34.949000000000005,34.949000000000005
40436,13011,,34.9457,34.9457
21667,12707,43.826,34.942400000000006,34.942400000000006
40528,13027,49.337,34.942400000000006,34.942400000000006
12621,40521,,34.93580000000001,34.93580000000001
13011,40412,,34.93580000000001,34.93580000000001
13008,21512,41.8295,34.9358,34.9358
40426,12904,,34.932500000000005,34.932500000000005
40755,12645,46.61450000000001,34.932500000000005,34.932500000000005
40530,13006,42.6116,34.92919999999999,34.92919999999999
40737,12638,46.2581,34.9259,34.9259
40502,13008,,34.9127,34.9127
12734,40521,,34.909400000000005,34.909400000000005
40521,12621,48.3899,34.90939999999999,34.90939999999999
12715,40422,38.2952,34.9061,34.9061
40755,12727,47.284400000000005,34.9028,34.9028
21938,40528,38.381,34.9028,34.9028
40758,12904,,34.8995,34.8995
12628,40536,50.52829999999999,34.8995,34.8995
40511,12718,49.007,34.8995,34.8995
13138,21610,46.99400000000001,34.8995,34.8995
40506,13027,49.2479,34.8995,34.8995
40514,12718,49.007,34.8995,34.8995
40521,12609,51.50509999999999,34.89619999999999,34.89619999999999
13023,40435,,34.8929,34.8929
40528,12735,49.066399999999994,34.8896,34.8896
12710,40731,40.5887,34.886300000000006,34.886300000000006
12637,21626,50.462299999999985,34.882999999999996,34.882999999999996
12703,40436,,34.876400000000004,34.876400000000004
12635,40506,56.531,34.876400000000004,34.876400000000004
12534,40535,55.1483,34.876400000000004,34.876400000000004
40438,12637,,34.8731,34.8731
40731,12629,47.7233,34.8698,34.8698
40791,13138,51.069500000000005,34.8566,34.8566
13011,40701,,34.853300000000004,34.853300000000004
13011,40728,,34.85000000000001,34.85000000000001
13006,40405,44.5091,34.846700000000006,34.846700000000006
12501,40908,46.0964,34.8467,34.8467
40506,12735,48.9773,34.8467,34.8467
40521,12636,51.50509999999999,34.84339999999999,34.84339999999999
40423,12710,60.3062,34.836800000000004,34.836800000000004
40439,13009,60.3062,34.836800000000004,34.836800000000004
40906,13023,45.42979999999999,34.8368,34.8368
12638,40435,,34.8368,34.8368
40521,21534,,34.8236,34.8236
40718,13138,51.1586,34.81370000000001,34.81370000000001
13010,21203,,34.81370000000001,34.81370000000001
21667,13011,43.9745,34.8137,34.8137
13006,40411,51.9374,34.8104,34.8104
13006,40438,53.528,34.807100000000005,34.807100000000005
40513,12523,52.90760000000001,34.807100000000005,34.807100000000005
13002,40903,36.6683,34.8038,34.8038
21225,12639,,34.8005,34.8005
21628,12710,44.8589,34.8005,34.8005
12710,21671,38.41400000000001,34.797200000000004,34.797200000000004
40435,12639,,34.79390000000001,34.79390000000001
13008,40423,42.968,34.790600000000005,34.790600000000005
12715,40908,35.49680000000001,34.7873,34.7873
40424,22211,43.4399,34.7873,34.7873
13005,40513,51.151999999999994,34.784000000000006,34.784000000000006
12634,40506,56.2703,34.784000000000006,34.784000000000006
21518,13009,40.7867,34.784,34.784
40434,21517,,34.7807,34.7807
12707,40435,,34.774100000000004,34.774100000000004
40777,13008,,34.7741,34.7741
40737,21517,37.8662,34.7675,34.7675
13138,40405,39.8891,34.7609,34.7609
40418,12904,,34.7609,34.7609
12712,21626,,34.7576,34.7576
13010,21630,,34.751000000000005,34.751000000000005
40511,12503,,34.751,34.751
40514,12503,,34.751,34.751
13009,40744,40.7009,34.74770000000001,34.74770000000001
12510,40908,35.9126,34.7477,34.7477
13011,40502,,34.74440000000001,34.74440000000001
12537,40535,54.8183,34.7411,34.7411
12635,40536,56.5178,34.73780000000001,34.73780000000001
12503,40535,54.47509999999999,34.7378,34.7378
40436,13006,,34.737799999999986,34.737799999999986
40906,13005,45.099799999999995,34.7345,34.7345
13027,40777,51.5777,34.727900000000005,34.727900000000005
40402,12712,54.9668,34.7246,34.7246
21512,13010,40.7867,34.724599999999995,34.724599999999995
13138,40411,47.83219999999999,34.724599999999995,34.724599999999995
12605,40521,,34.72130000000001,34.72130000000001
12715,21512,36.8267,34.7213,34.7213
13138,40438,48.908,34.7213,34.7213
21534,12904,,34.71469999999999,34.71469999999999
12645,40521,,34.711400000000005,34.711400000000005
40420,12710,53.574200000000005,34.704800000000006,34.704800000000006
13136,40434,69.70790000000001,34.6982,34.6982
40411,12522,,34.6982,34.6982
13009,21602,,34.694900000000004,34.694900000000004
12535,40535,54.1583,34.694900000000004,34.694900000000004
40521,21614,,34.6916,34.6916
21229,13008,,34.691599999999994,34.691599999999994
13010,21608,,34.6883,34.6883
40434,21940,,34.681700000000006,34.681700000000006
13023,40513,50.822,34.681700000000006,34.681700000000006
40744,13138,46.0502,34.67840000000001,34.67840000000001
13010,40418,,34.67840000000001,34.67840000000001
40906,12638,45.9281,34.678399999999996,34.678399999999996
13010,21516,,34.6751,34.6751
12904,40909,,34.6751,34.6751
12508,40521,,34.671800000000005,34.671800000000005
40528,12612,,34.671800000000005,34.671800000000005
40508,12522,,34.671800000000005,34.671800000000005
40530,12712,42.195800000000006,34.6685,34.6685
40521,12635,51.2015,34.668499999999995,34.668499999999995
12504,40535,57.679399999999994,34.6652,34.6652
21937,40521,,34.6652,34.6652
13009,21640,39.7604,34.66190000000001,34.66190000000001
40521,21515,39.4898,34.65860000000001,34.65860000000001
40502,12904,,34.652,34.652
40528,12645,48.066500000000005,34.648700000000005,34.648700000000005
12634,40536,56.2571,34.64540000000001,34.64540000000001
13027,40791,45.4496,34.6421,34.6421
40521,12605,51.17509999999999,34.64209999999999,34.64209999999999
40521,12634,51.17509999999999,34.64209999999999,34.64209999999999
40535,12629,,34.63550000000001,34.63550000000001
40791,12715,47.7167,34.6322,34.6322
40506,12612,,34.6289,34.6289
12638,40513,49.5515,34.625600000000006,34.625600000000006
40521,12709,46.2053,34.622299999999996,34.622299999999996
12709,40521,,34.61900000000001,34.61900000000001
40528,12727,48.7364,34.619,34.619
40731,12639,,34.619,34.619
13011,21213,,34.6124,34.6124
40506,12645,47.97740000000001,34.60580000000001,34.60580000000001
13136,40406,65.96900000000001,34.6058,34.6058
21667,13006,43.6445,34.60579999999999,34.60579999999999
40411,12718,55.036100000000005,34.5959,34.5959
40903,21517,38.0048,34.592600000000004,34.592600000000004
13009,40716,40.295,34.592600000000004,34.592600000000004
40718,12715,47.8058,34.58930000000001,34.58930000000001
40749,12522,,34.589299999999994,34.589299999999994
12636,40506,55.9403,34.5827,34.5827
40514,13027,48.67699999999999,34.57940000000001,34.57940000000001
40511,13027,48.67699999999999,34.57940000000001,34.57940000000001
12534,40435,,34.5794,34.5794
12715,40423,37.9652,34.5761,34.5761
40506,12727,48.6473,34.5761,34.5761
13005,21218,45.9149,34.5728,34.5728
40508,12718,48.67699999999999,34.569500000000005,34.569500000000005
12707,40513,,34.562900000000006,34.562900000000006
40716,12523,46.73990000000001,34.5497,34.5497
13136,21610,66.18350000000001,34.546400000000006,34.546400000000006
12536,40535,54.4883,34.5431,34.5431
40434,12637,,34.543099999999995,34.543099999999995
40438,22020,,34.5398,34.5398
40439,13010,59.9762,34.5398,34.5398
12701,40526,50.7989,34.536500000000004,34.536500000000004
40424,22004,38.3447,34.53320000000001,34.53320000000001
40511,12735,48.4064,34.5266,34.5266
40514,12735,48.4064,34.5266,34.5266
40737,12508,39.44029999999999,34.5266,34.5266
40906,21517,37.536199999999994,34.52,34.52
12639,40528,57.06229999999999,34.5167,34.5167
40402,12507,,34.5134,34.5134
40777,12904,,34.5134,34.5134
12522,40521,,34.506800000000005,34.506800000000005
12701,40511,50.9969,34.506800000000005,34.506800000000005
40423,13009,59.9762,34.506800000000005,34.506800000000005
40755,12629,47.35699999999999,34.5035,34.5035
40702,13008,,34.50019999999999,34.50019999999999
40537,13138,56.828,34.49360000000001,34.49360000000001
40749,12718,,34.487,34.487
21518,13010,40.4567,34.486999999999995,34.486999999999995
13006,40903,41.4731,34.4804,34.4804
40436,12712,,34.47710000000001,34.47710000000001
12904,40405,,34.47709999999999,34.47709999999999
21628,13009,44.5289,34.4705,34.4705
13023,21218,45.584900000000005,34.4705,34.4705
12718,40526,54.2639,34.467200000000005,34.467200000000005
40530,12507,,34.4573,34.4573
40744,12715,42.6974,34.45400000000001,34.45400000000001
40909,13023,44.7698,34.4507,34.4507
40411,12503,,34.4474,34.4474
12636,40536,55.9271,34.444100000000006,34.444100000000006
13006,40439,52.868,34.444100000000006,34.444100000000006
12701,40514,50.706500000000005,34.444100000000006,34.444100000000006
21512,13136,40.2356,34.4441,34.4441
12537,40435,,34.4441,34.4441
12503,40435,,34.440799999999996,34.440799999999996
12718,40511,54.46189999999999,34.43750000000001,34.43750000000001
40438,12708,,34.4375,34.4375
12639,40424,51.086,34.434200000000004,34.434200000000004
40705,13138,45.7202,34.43090000000001,34.43090000000001
40426,12710,47.4527,34.4309,34.4309
21229,12904,,34.430899999999994,34.430899999999994
40521,22202,42.0902,34.4276,34.4276
22211,40521,,34.4243,34.4243
40508,12503,,34.421,34.421
12710,40744,40.370900000000006,34.41770000000001,34.41770000000001
13009,40705,40.370900000000006,34.41770000000001,34.41770000000001
12638,21218,42.36409999999999,34.41440000000001,34.41440000000001
13006,21518,50.228,34.4144,34.4144
13008,40909,44.8787,34.4144,34.4144
21512,13002,40.4567,34.4144,34.4144
13011,21311,,34.411100000000005,34.411100000000005
13136,40405,60.35900000000001,34.4078,34.4078
12701,40508,50.666900000000005,34.4045,34.4045
40758,12710,,34.39790000000001,34.39790000000001
12535,40435,,34.3979,34.3979
13138,40903,40.4831,34.3946,34.3946
13011,40403,,34.38470000000001,34.38470000000001
40526,12535,54.80179999999999,34.3847,34.3847
40535,12639,,34.3847,34.3847
12613,40521,,34.381400000000006,34.381400000000006
12614,40521,,34.381400000000006,34.381400000000006
13005,21626,53.3531,34.3814,34.3814
12718,40514,54.171499999999995,34.37480000000001,34.37480000000001
40420,13009,53.244200000000006,34.3748,34.3748
13136,40411,67.5035,34.3715,34.3715
21937,40777,36.61880000000001,34.3682,34.3682
12534,40513,49.221499999999985,34.3682,34.3682
12504,40435,,34.3682,34.3682
13136,40438,69.37790000000001,34.3682,34.3682
12710,21602,,34.364900000000006,34.364900000000006
12703,40528,53.5841,34.364900000000006,34.364900000000006
13006,40422,52.538,34.36160000000001,34.36160000000001
13010,21643,,34.3583,34.3583
13138,40439,48.248,34.3583,34.3583
40422,12535,64.7315,34.355000000000004,34.355000000000004
40903,12637,48.1094,34.355000000000004,34.355000000000004
12707,21218,,34.35170000000001,34.35170000000001
12506,40535,53.815099999999994,34.3517,34.3517
40909,13005,44.43979999999999,34.3484,34.3484
40424,21626,40.720699999999994,34.3484,34.3484
21667,12712,43.2287,34.3451,34.3451
40406,12710,48.2942,34.341800000000006,34.341800000000006
40438,12703,,34.34179999999999,34.34179999999999
12628,40526,49.64059999999999,34.33850000000001,34.33850000000001
40749,12503,,34.338499999999996,34.338499999999996
12718,40508,54.131899999999995,34.3352,34.3352
12710,21640,39.430400000000006,34.331900000000005,34.331900000000005
21630,13008,,34.33189999999999,34.33189999999999
12727,40436,,34.3286,34.3286
13138,21518,46.779500000000006,34.3286,34.3286
40438,21630,,34.3253,34.3253
40908,13008,,34.31869999999999,34.31869999999999
40521,12613,49.0499,34.312099999999994,34.312099999999994
12628,40511,49.838599999999985,34.30880000000001,34.30880000000001
13011,21242,,34.308800000000005,34.308800000000005
40514,12612,,34.308800000000005,34.308800000000005
40511,12612,,34.308800000000005,34.308800000000005
40424,12534,52.6073,34.3088,34.3088
13010,21604,,34.30550000000001,34.30550000000001
40424,12501,51.94400000000002,34.305499999999995,34.305499999999995
12637,40506,49.221499999999985,34.29560000000001,34.29560000000001
12708,40436,,34.29560000000001,34.29560000000001
40909,12638,45.2681,34.2923,34.2923
12904,40906,,34.28900000000001,34.28900000000001
21626,13138,49.35679999999999,34.289,34.289
12523,40777,,34.285700000000006,34.285700000000006
40514,12645,47.40650000000001,34.285700000000006,34.285700000000006
40511,12645,47.40650000000001,34.285700000000006,34.285700000000006
13002,40755,40.9649,34.28240000000001,34.28240000000001
12703,40424,45.7103,34.2824,34.2824
13011,21223,,34.2824,34.2824
13002,21661,41.5985,34.279100000000014,34.279100000000014
13023,21626,53.0231,34.2791,34.2791
40906,12508,39.11029999999999,34.2791,34.2791
13027,40908,44.7896,34.2791,34.2791
21938,40521,,34.275800000000004,34.275800000000004
40411,13027,54.706100000000006,34.275800000000004,34.275800000000004
13138,40422,47.918,34.275800000000004,34.275800000000004
40537,12715,53.475199999999994,34.269200000000005,34.269200000000005
40737,12637,45.598099999999995,34.2659,34.2659
40436,12507,,34.2659,34.2659
12710,40716,39.965,34.262600000000006,34.262600000000006
40418,12710,47.7827,34.2593,34.2593
40439,13136,59.4251,34.2593,34.2593
40514,12727,48.0764,34.256,34.256
40511,12727,48.0764,34.256,34.256
40755,12639,,34.252700000000004,34.252700000000004
13011,21667,,34.24940000000001,34.24940000000001
13011,21224,,34.24940000000001,34.24940000000001
40508,13027,48.346999999999994,34.24940000000001,34.24940000000001
12628,40514,49.54819999999999,34.24610000000001,34.24610000000001
12536,40435,,34.2461,34.2461
40424,22214,42.779900000000005,34.23950000000001,34.23950000000001
40702,12904,,34.23949999999999,34.23949999999999
12629,40777,53.27719999999999,34.23620000000001,34.23620000000001
12537,40513,48.89149999999999,34.2329,34.2329
40439,13002,59.6462,34.229600000000005,34.229600000000005
12503,40513,48.5483,34.229600000000005,34.229600000000005
40411,12735,54.4355,34.223,34.223
12638,21626,49.80229999999998,34.223,34.223
40528,12629,48.809,34.2197,34.2197
12612,40436,,34.2164,34.2164
13008,40405,35.2691,34.2164,34.2164
21534,12710,46.1525,34.213100000000004,34.213100000000004
13010,40749,,34.20980000000001,34.20980000000001
40423,13010,59.6462,34.2098,34.2098
40434,22020,,34.2098,34.2098
12628,40508,49.50859999999999,34.206500000000005,34.206500000000005
40705,12715,42.3674,34.206500000000005,34.206500000000005
21518,13136,39.9056,34.206500000000005,34.206500000000005
12523,40791,,34.1999,34.1999
12715,40909,39.8759,34.1999,34.1999
40508,12735,48.0764,34.196600000000004,34.196600000000004
21610,12707,39.866,34.196600000000004,34.196600000000004
13009,40903,36.008300000000006,34.196600000000004,34.196600000000004
21610,13010,40.6745,34.1966,34.1966
12535,40513,48.2315,34.1867,34.1867
21512,12707,39.9782,34.1867,34.1867
12715,21218,36.212900000000005,34.183400000000006,34.183400000000006
12635,40526,55.6301,34.17680000000001,34.17680000000001
21518,13002,40.1267,34.1768,34.1768
13006,21512,49.898,34.1768,34.1768
40506,12629,48.7199,34.1768,34.1768
21628,13010,44.1989,34.1735,34.1735
12712,40506,,34.17020000000001,34.17020000000001
12701,40530,48.54829999999999,34.166900000000005,34.166900000000005
40749,13027,,34.166900000000005,34.166900000000005
12904,22002,,34.1636,34.1636
12707,21626,,34.1603,34.1603
12534,21218,41.572100000000006,34.15700000000001,34.15700000000001
13006,21908,43.27160000000001,34.157000000000004,34.157000000000004
12637,40536,49.20829999999999,34.157000000000004,34.157000000000004
12504,40513,51.752599999999994,34.157000000000004,34.157000000000004
40502,12710,44.717,34.150400000000005,34.150400000000005
12629,40791,48.70010000000001,34.150400000000005,34.150400000000005
12635,40511,55.8281,34.14710000000001,34.14710000000001
40438,12701,,34.147099999999995,34.147099999999995
21667,12507,,34.1339,34.1339
12501,40535,57.14809999999999,34.1339,34.1339
40909,21517,36.8762,34.1339,34.1339
40438,12628,,34.130599999999994,34.130599999999994
40526,12518,49.27430000000001,34.1174,34.1174
12904,40702,,34.11410000000001,34.11410000000001
40749,12735,,34.1141,34.1141
13010,21534,,34.1075,34.1075
40434,12708,,34.1075,34.1075
40424,22010,45.9149,34.1075,34.1075
21225,12523,42.71060000000001,34.1075,34.1075
21618,13138,51.1223,34.1075,34.1075
40435,12523,47.987300000000005,34.10090000000001,34.10090000000001
40426,13009,47.1227,34.1009,34.1009
40521,22211,41.7602,34.0976,34.0976
12718,40530,49.3997,34.0976,34.0976
21937,21626,38.8265,34.094300000000004,34.094300000000004
22202,40521,,34.094300000000004,34.094300000000004
13138,21512,46.4495,34.091,34.091
21610,13136,40.1234,34.090999999999994,34.090999999999994
12710,40705,40.0409,34.087700000000005,34.087700000000005
40422,12518,59.9135,34.0877,34.0877
12635,40514,55.5377,34.08440000000001,34.08440000000001
12634,40526,55.369400000000006,34.08440000000001,34.08440000000001
21208,12535,45.5717,34.081100000000006,34.081100000000006
13010,22020,,34.081100000000006,34.081100000000006
40420,13010,52.91420000000001,34.077799999999996,34.077799999999996
13011,21208,,34.07450000000001,34.07450000000001
13138,21908,38.6516,34.071200000000005,34.071200000000005
21630,12904,,34.0712,34.0712
40758,13009,,34.06790000000001,34.06790000000001
21626,12715,46.004000000000005,34.0646,34.0646
12735,40436,,34.05800000000001,34.05800000000001
21512,13011,40.1267,34.058,34.058
40908,12904,,34.058,34.058
12634,40511,55.567400000000006,34.05470000000001,34.05470000000001
12506,40435,,34.054700000000004,34.054700000000004
12635,40508,55.4981,34.04480000000001,34.04480000000001
13010,21642,,34.04480000000001,34.04480000000001
12904,40737,,34.04150000000001,34.04150000000001
13136,40903,57.039199999999994,34.0415,34.0415
40402,12522,,34.0382,34.0382
12536,40513,48.561499999999995,34.03490000000001,34.03490000000001
12510,40535,47.541799999999995,34.0349,34.0349
21665,12710,44.453,34.03489999999999,34.03489999999999
12507,40521,,34.031600000000005,34.031600000000005
13006,40423,52.208,34.031600000000005,34.031600000000005
12712,40536,,34.031600000000005,34.031600000000005
13008,40906,44.218700000000005,34.02830000000001,34.02830000000001
40438,12614,,34.028299999999994,34.028299999999994
12904,21225,,34.025000000000006,34.025000000000006
22008,13138,50.386399999999995,34.0217,34.0217
12537,21218,41.7041,34.0217,34.0217
40536,12535,55.145,34.0217,34.0217
40906,12637,45.2681,34.0184,34.0184
12503,21218,41.3609,34.0184,34.0184
40777,12710,45.6146,34.01180000000001,34.01180000000001
40406,13009,47.964200000000005,34.01180000000001,34.01180000000001
40434,12703,,34.011799999999994,34.011799999999994
13136,40439,68.71790000000001,34.0052,34.0052
40411,12612,,34.0052,34.0052
13011,21517,,34.001900000000006,34.001900000000006
40439,12707,59.1677,34.001900000000006,34.001900000000006
40434,21630,,33.9953,33.9953
12634,40514,55.277,33.992000000000004,33.992000000000004
13001,40521,,33.985400000000006,33.985400000000006
40411,12645,53.4356,33.98210000000002,33.98210000000002
13002,40412,39.2192,33.9821,33.9821
40530,12522,,33.9821,33.9821
12609,40436,,33.9821,33.9821
21938,40777,35.958800000000004,33.97880000000001,33.97880000000001
40508,12612,,33.9788,33.9788
40424,12537,52.2773,33.97879999999999,33.97879999999999
13136,21518,65.79410000000001,33.975500000000004,33.975500000000004
13010,21614,,33.975500000000004,33.975500000000004
12535,21218,41.04409999999999,33.975500000000004,33.975500000000004
12628,40530,49.244600000000005,33.968900000000005,33.968900000000005
12701,40426,41.8229,33.968900000000005,33.968900000000005
40528,12639,,33.968900000000005,33.968900000000005
12534,21626,49.010299999999994,33.965599999999995,33.965599999999995
21916,40535,41.5622,33.9623,33.9623
21627,13138,49.026799999999994,33.959,33.959
40508,12645,47.0765,33.955700000000014,33.955700000000014
40791,13008,,33.95569999999999,33.95569999999999
12621,40436,,33.95240000000001,33.95240000000001
12634,40508,55.2374,33.95240000000001,33.95240000000001
40411,12727,54.1055,33.9524,33.9524
21518,12707,39.6482,33.9491,33.9491
13138,40423,47.588,33.945800000000006,33.945800000000006
12504,21218,40.0046,33.945800000000006,33.945800000000006
13010,21515,,33.94250000000001,33.94250000000001
20901,13138,50.010200000000005,33.9392,33.9392
40402,12718,55.7126,33.935900000000004,33.935900000000004
40418,13009,47.4527,33.929300000000005,33.929300000000005
21229,12710,,33.929300000000005,33.929300000000005
40423,13136,59.0951,33.929300000000005,33.929300000000005
12734,40436,,33.926,33.926
40731,12523,46.116200000000006,33.926,33.926
40506,12639,,33.926,33.926
40508,12727,47.746399999999994,33.926,33.926
13136,40422,68.38790000000002,33.922700000000006,33.922700000000006
12904,40731,,33.922700000000006,33.922700000000006
40424,12502,44.644400000000005,33.9227,33.9227
40903,12708,42.1166,33.919399999999996,33.919399999999996
40718,13008,,33.91279999999999,33.91279999999999
13008,22002,41.714000000000006,33.9029,33.9029
13002,40701,37.9883,33.89960000000001,33.89960000000001
12718,40426,42.6743,33.89960000000001,33.89960000000001
40423,13002,59.316199999999995,33.89960000000001,33.89960000000001
40424,22102,38.46679999999999,33.8996,33.8996
13002,40728,38.1929,33.89630000000001,33.89630000000001
40749,12612,,33.8963,33.8963
40909,12508,38.4503,33.893,33.893
21628,13136,43.6478,33.893,33.893
12636,40526,55.03940000000001,33.88310000000001,33.88310000000001
21618,12715,47.769499999999994,33.8831,33.8831
21534,13009,45.822500000000005,33.8831,33.8831
40438,21604,,33.8798,33.8798
40530,12718,42.9416,33.8798,33.8798
40749,12645,,33.87320000000001,33.87320000000001
40439,13011,59.316199999999995,33.873200000000004,33.873200000000004
22214,40521,,33.866600000000005,33.866600000000005
12710,40903,35.6783,33.866600000000005,33.866600000000005
21628,13002,43.8689,33.863299999999995,33.863299999999995
21665,13010,43.793000000000006,33.856700000000004,33.856700000000004
40511,12629,48.14900000000001,33.856700000000004,33.856700000000004
40514,12629,48.14900000000001,33.856700000000004,33.856700000000004
12636,40511,55.2374,33.85340000000001,33.85340000000001
13008,40702,42.209,33.85340000000001,33.85340000000001
21512,13006,39.7967,33.85009999999999,33.85009999999999
21242,12535,45.2417,33.84680000000001,33.84680000000001
40406,13008,,33.846799999999995,33.846799999999995
12506,40513,47.8883,33.843500000000006,33.843500000000006
40749,12727,,33.843500000000006,33.843500000000006
40521,22004,38.6747,33.843500000000006,33.843500000000006
13011,21335,,33.840199999999996,33.840199999999996
12523,40908,,33.8369,33.8369
12501,40435,,33.8369,33.8369
12904,21671,,33.833600000000004,33.833600000000004
40526,12508,44.7434,33.83030000000001,33.83030000000001
12537,21626,49.142299999999985,33.8303,33.8303
40737,12708,39.60529999999999,33.830299999999994,33.830299999999994
12503,21626,48.79909999999999,33.827,33.827
12536,21218,41.3741,33.8237,33.8237
40903,12703,42.020900000000005,33.823699999999995,33.823699999999995
40502,13009,44.387,33.82040000000001,33.82040000000001
21518,13011,39.7967,33.8204,33.8204
12727,40528,56.14819999999999,33.81710000000001,33.81710000000001
40434,12701,,33.817099999999996,33.817099999999996
12715,40906,39.215900000000005,33.81380000000001,33.81380000000001
21208,12518,40.04420000000001,33.81380000000001,33.81380000000001
21652,13138,,33.80720000000001,33.80720000000001
12635,40530,52.868,33.8072,33.8072
22003,13138,,33.803900000000006,33.803900000000006
40426,13010,46.7927,33.8039,33.8039
40526,21908,37.1402,33.8039,33.8039
40422,12508,48.6308,33.80060000000001,33.80060000000001
40434,12628,,33.800599999999996,33.800599999999996
22008,12715,47.3306,33.79730000000001,33.79730000000001
40420,13136,52.36310000000001,33.79730000000001,33.79730000000001
13005,40506,50.16199999999999,33.794000000000004,33.794000000000004
13002,40502,36.91909999999999,33.79070000000001,33.79070000000001
12636,40514,54.947,33.79070000000001,33.79070000000001
40436,12522,,33.7907,33.7907
12629,40908,48.04010000000001,33.787400000000005,33.787400000000005
40402,12503,,33.7874,33.7874
12708,40528,52.9934,33.78410000000001,33.78410000000001
12535,21626,48.48229999999998,33.784099999999995,33.784099999999995
13008,40737,43.8887,33.780800000000006,33.780800000000006
40744,13008,,33.77749999999999,33.77749999999999
40424,12504,51.41270000000001,33.7742,33.7742
12628,40426,42.5192,33.77090000000001,33.77090000000001
40758,13010,,33.7709,33.7709
40420,13002,52.5842,33.7676,33.7676
40438,12621,,33.7676,33.7676
13008,21225,45.0701,33.76430000000001,33.76430000000001
40536,12518,49.6175,33.754400000000004,33.754400000000004
12504,21626,47.44279999999999,33.75439999999999,33.75439999999999
40438,12609,,33.75439999999999,33.75439999999999
12636,40508,54.9074,33.75110000000001,33.75110000000001
40733,13138,50.3204,33.7511,33.7511
21228,13138,49.9904,33.7511,33.7511
22016,13138,47.4626,33.74450000000001,33.74450000000001
13011,40710,,33.73790000000001,33.73790000000001
12605,40436,,33.7379,33.7379
13136,21512,65.4641,33.7379,33.7379
12510,40435,,33.737899999999996,33.737899999999996
40702,12710,46.1954,33.737899999999996,33.737899999999996
12727,40424,50.096,33.7346,33.7346
21627,12715,45.674,33.7346,33.7346
40737,12703,39.5096,33.73459999999999,33.73459999999999
40530,12503,,33.7313,33.7313
12645,40436,,33.72800000000001,33.72800000000001
13136,21908,59.121500000000005,33.71810000000001,33.71810000000001
40406,13010,47.63420000000001,33.714800000000004,33.714800000000004
12634,40530,52.607299999999995,33.714800000000004,33.714800000000004
20901,12715,46.6574,33.714800000000004,33.714800000000004
12612,40528,,33.70490000000001,33.70490000000001
21938,21626,38.1665,33.7049,33.7049
21667,12710,45.2945,33.704899999999995,33.704899999999995
21610,13011,40.0145,33.704899999999995,33.704899999999995
21665,13009,44.123000000000005,33.704899999999995,33.704899999999995
12708,40424,45.119600000000005,33.701600000000006,33.701600000000006
40438,12636,,33.7016,33.7016
40434,12614,,33.69829999999999,33.69829999999999
40405,12535,49.4558,33.69500000000001,33.69500000000001
40791,12904,,33.69499999999999,33.69499999999999
40535,12523,,33.691700000000004,33.691700000000004
13023,40506,49.831999999999994,33.691700000000004,33.691700000000004
21218,13138,49.6802,33.691700000000004,33.691700000000004
13002,40718,36.285500000000006,33.6917,33.6917
12715,22002,36.7112,33.6884,33.6884
12508,40436,,33.6884,33.6884
40436,12718,,33.6884,33.6884
40777,13009,45.2846,33.6818,33.6818
40438,21534,,33.681799999999996,33.681799999999996
13009,40755,40.3049,33.675200000000004,33.675200000000004
13009,21661,40.938500000000005,33.67190000000001,33.67190000000001
40423,12707,58.837700000000005,33.67190000000001,33.67190000000001
21916,40435,,33.6653,33.6653
40439,13006,58.9862,33.665299999999995,33.665299999999995
13008,40731,43.5587,33.662000000000006,33.662000000000006
13002,21213,39.074,33.6587,33.6587
21667,12522,,33.6587,33.6587
40521,21626,41.05069999999999,33.658699999999996,33.658699999999996
13006,40909,53.65670000000001,33.6554,33.6554
13005,40536,50.148799999999994,33.6554,33.6554
21610,13006,39.6845,33.6521,33.6521
40718,12904,,33.65209999999999,33.65209999999999
40424,12536,51.947300000000006,33.648799999999994,33.648799999999994
12715,40702,37.2062,33.6389,33.6389
21628,12707,43.39040000000001,33.635600000000004,33.635600000000004
12709,40436,,33.635600000000004,33.635600000000004
12638,40506,48.561499999999995,33.635600000000004,33.635600000000004
12506,21218,40.7009,33.63230000000001,33.63230000000001
12536,21626,48.812299999999986,33.6323,33.6323
21907,40535,40.9022,33.6323,33.6323
40909,12637,44.60809999999999,33.6323,33.6323
40418,13010,47.1227,33.6323,33.6323
21649,13138,48.6968,33.629000000000005,33.629000000000005
40903,12701,47.0501,33.629000000000005,33.629000000000005
12501,40513,51.221299999999985,33.6257,33.6257
12612,40424,,33.6224,33.6224
40521,12534,50.92760000000001,33.619099999999996,33.619099999999996
40402,13027,55.3826,33.61580000000001,33.61580000000001
40521,12501,50.26430000000001,33.6158,33.6158
40903,12628,46.78940000000001,33.6125,33.6125
21518,13006,39.4667,33.6125,33.6125
12635,40426,46.1426,33.6092,33.6092
40511,12639,,33.605900000000005,33.605900000000005
40514,12639,,33.605900000000005,33.605900000000005
13010,12507,,33.602599999999995,33.602599999999995
21610,12712,39.2687,33.5993,33.5993
21229,13009,,33.5993,33.5993
12637,40526,48.32059999999999,33.596000000000004,33.596000000000004
13136,40423,68.05790000000002,33.59270000000001,33.59270000000001
12639,40777,54.6401,33.59270000000001,33.59270000000001
40537,13008,,33.592699999999994,33.592699999999994
21512,12712,39.3809,33.589400000000005,33.589400000000005
21610,40521,,33.5861,33.5861
40406,12904,,33.5861,33.5861
21534,13010,45.4925,33.5861,33.5861
21652,12715,,33.5828,33.5828
40906,12708,39.275299999999994,33.58279999999999,33.58279999999999
13011,13008,,33.58279999999999,33.58279999999999
21242,12518,39.71420000000001,33.57950000000001,33.57950000000001
22003,12715,,33.5795,33.5795
40526,13023,52.98350000000001,33.5762,33.5762
21665,13136,43.2419,33.5762,33.5762
13008,21671,41.38400000000001,33.572900000000004,33.572900000000004
12707,40506,,33.572900000000004,33.572900000000004
21630,12710,45.4925,33.5696,33.5696
13138,40909,49.4987,33.5696,33.5696
12715,40737,38.8859,33.566300000000005,33.566300000000005
12637,40511,48.518599999999985,33.566300000000005,33.566300000000005
13027,40535,56.4188,33.5663,33.5663
40402,12735,55.111999999999995,33.563,33.563
40530,13027,42.6116,33.55970000000001,33.55970000000001
40755,12523,45.74990000000001,33.55970000000001,33.55970000000001
21667,12718,43.9745,33.55640000000001,33.55640000000001
40908,12710,46.3439,33.5564,33.5564
12701,21668,48.7529,33.5564,33.5564
40411,12629,54.1781,33.5531,33.5531
13023,40536,49.8188,33.5531,33.5531
12715,21225,40.0673,33.54980000000001,33.54980000000001
21668,12707,39.206,33.549800000000005,33.549800000000005
40521,22214,41.1002,33.549800000000005,33.549800000000005
40438,21614,,33.549800000000005,33.549800000000005
40434,21604,,33.549800000000005,33.549800000000005
21668,13010,40.014500000000005,33.5498,33.5498
12735,40528,55.81819999999999,33.54650000000001,33.54650000000001
40422,13023,63.86030000000001,33.5465,33.5465
40423,13011,58.9862,33.5432,33.5432
40420,12707,52.1057,33.5399,33.5399
40436,12503,,33.539899999999996,33.539899999999996
40737,12701,44.538799999999995,33.539899999999996,33.539899999999996
21937,40535,41.4599,33.5366,33.5366
40412,13138,52.6172,33.53,33.53
40705,13008,,33.52999999999999,33.52999999999999
13010,21660,,33.526700000000005,33.526700000000005
40508,12629,47.819,33.526700000000005,33.526700000000005
12510,40513,41.614999999999995,33.526700000000005,33.526700000000005
21228,12715,46.63759999999999,33.526700000000005,33.526700000000005
40733,12715,46.96759999999999,33.526700000000005,33.526700000000005
40438,12635,,33.52669999999999,33.52669999999999
40426,13136,46.2416,33.5234,33.5234
40502,13010,44.057,33.5234,33.5234
12522,40436,,33.5234,33.5234
